lakeid,metric,sampledate,year,daynum,dayWeibull,weibull.r2
AL,secchi_max,1982-07-05,1982,186,203,0.7816923506400194
AL,secchi_max,1983-07-20,1983,201,194,0.6324948976567909
AL,secchi_max,1984-06-21,1984,173,211,0.6111868693622577
AL,secchi_max,1985-07-11,1985,192,142,0.4041634101416737
AL,secchi_max,1986-06-18,1986,169,160,0.7996163423497958
AL,secchi_max,1987-05-18,1987,138,-999,-999
AL,secchi_max,1988-06-07,1988,159,162,0.5531576562968649
AL,secchi_max,1989-05-29,1989,149,145,0.6626039896567855
AL,secchi_max,1990-05-30,1990,150,140,0.9088115736106553
AL,secchi_max,1991-05-21,1991,141,137,0.5470143054123394
AL,secchi_max,1992-06-01,1992,153,150,0.5063275016725577
AL,secchi_max,1993-06-04,1993,155,159,0.6562997387503879
AL,secchi_max,1994-06-06,1994,157,159,0.9593251408745938
AL,secchi_max,1995-07-10,1995,191,187,0.7186142606283379
AL,secchi_max,1996-09-03,1996,247,-999,-999
AL,secchi_max,1997-07-31,1997,212,203,0.8730161092473265
AL,secchi_max,1998-06-17,1998,168,165,0.6873669800580556
AL,secchi_max,1999-07-28,1999,209,207,0.5474843024675702
AL,secchi_max,2000-05-04,2000,125,-999,-999
AL,secchi_max,2001-05-29,2001,149,144,0.5957554441395045
AL,secchi_max,2002-08-26,2002,238,-999,-999
AL,secchi_max,2003-05-29,2003,149,148,0.6393225792851862
AL,secchi_max,2004-05-24,2004,145,144,0.5199380776721307
AL,secchi_max,2005-05-31,2005,151,146,0.8628606030252393
AL,secchi_max,2006-05-30,2006,150,157,0.8368287604496887
AL,secchi_max,2007-05-21,2007,141,130,0.4608978791938221
AL,secchi_max,2008-06-02,2008,154,154,0.8002938258987339
AL,secchi_max,2009-10-26,2009,299,297,0.3160217245873006
AL,secchi_max,2010-04-27,2010,117,118,0.8026801482554067
AL,secchi_max,2011-06-13,2011,164,165,0.7578455739822881
AL,secchi_max,2012-05-14,2012,135,-999,-999
AL,secchi_max,2013-06-10,2013,161,168,0.7333393291581382
AL,secchi_max,2014-06-17,2014,168,231,0.6499026074324488
AL,secchi_max,2015-05-05,2015,125,124,0.4565824407152481
AL,secchi_max,2016-06-06,2016,158,208,0.689965268561082
AL,secchi_max,2017-05-03,2017,123,122,0.7929957417769816
AL,secchi_max,2018-09-17,2018,260,166,0.5525452021178061
AL,secchi_max,2019-06-18,2019,169,166,0.7046767888889838
BM,secchi_max,1982-06-21,1982,172,161,0.7707462720230864
BM,secchi_max,1983-06-06,1983,157,158,0.8565626147215593
BM,secchi_max,1984-06-20,1984,172,-999,-999
BM,secchi_max,1985-05-30,1985,150,317,0.08808390440701219
BM,secchi_max,1986-05-19,1986,139,155,0.5514463291629577
BM,secchi_max,1987-05-21,1987,141,139,0.7555483695718178
BM,secchi_max,1988-05-25,1988,146,145,0.7225702247003281
BM,secchi_max,1989-05-31,1989,151,158,0.9346921720281095
BM,secchi_max,1990-05-31,1990,151,150,0.6220732607018771
BM,secchi_max,1991-06-05,1991,156,158,0.9296260646124906
BM,secchi_max,1992-06-03,1992,155,153,0.8816344689584292
BM,secchi_max,1993-06-02,1993,153,152,0.8494261405347474
BM,secchi_max,1994-06-13,1994,164,163,0.6950564784918545
BM,secchi_max,1995-06-13,1995,164,163,0.6870548790427929
BM,secchi_max,1996-07-23,1996,205,195,0.7105944620239523
BM,secchi_max,1997-06-17,1997,168,158,0.8718639418959262
BM,secchi_max,1998-05-04,1998,124,118,0.5783091448369114
BM,secchi_max,1999-05-18,1999,138,139,0.8085620545709759
BM,secchi_max,2000-05-30,2000,151,127,0.6163879315883338
BM,secchi_max,2001-05-31,2001,151,149,0.7414961845985308
BM,secchi_max,2002-07-30,2002,211,181,0.6375060892831659
BM,secchi_max,2003-06-09,2003,160,-999,-999
BM,secchi_max,2004-11-08,2004,313,167,0.578283916193848
BM,secchi_max,2005-05-31,2005,151,150,0.9047690697257046
BM,secchi_max,2006-05-19,2006,139,-999,-999
BM,secchi_max,2007-04-25,2007,115,115,0.10497545742565217
BM,secchi_max,2008-06-23,2008,175,169,0.5234156417432729
BM,secchi_max,2009-06-23,2009,174,173,0.643393727667673
BM,secchi_max,2010-05-25,2010,145,142,0.6346949427654237
BM,secchi_max,2011-05-05,2011,125,125,0.12131215070655244
BM,secchi_max,2012-11-13,2012,318,-999,-999
BM,secchi_max,2013-06-24,2013,175,175,0.8246373704663308
BM,secchi_max,2014-06-16,2014,167,159,0.5139864716919349
BM,secchi_max,2015-05-19,2015,139,142,0.9349055518088244
BM,secchi_max,2016-05-09,2016,130,165,0.3342333693058783
BM,secchi_max,2017-05-16,2017,136,135,0.5128229903944623
BM,secchi_max,2018-07-23,2018,204,206,0.4152700418273164
BM,secchi_max,2019-09-24,2019,267,264,0.23311583511509415
CB,secchi_max,1982-09-22,1982,265,315,0.03437799600061631
CB,secchi_max,1983-09-29,1983,272,291,0.6760143445195816
CB,secchi_max,1984-09-24,1984,268,284,0.8743124603503921
CB,secchi_max,1985-10-24,1985,297,287,0.8665370377361323
CB,secchi_max,1986-07-31,1986,212,184,0.5708610285688229
CB,secchi_max,1987-07-27,1987,208,-999,-999
CB,secchi_max,1988-09-14,1988,258,-999,-999
CB,secchi_max,1989-08-09,1989,221,202,0.03005814296064968
CB,secchi_max,1990-05-30,1990,150,153,0.64675008380921994
CB,secchi_max,1991-10-08,1991,281,302,0.6803835472142548
CB,secchi_max,1992-08-26,1992,239,211,0.8669296939155979
CB,secchi_max,1993-09-09,1993,252,240,0.5607573470273811
CB,secchi_max,1994-06-06,1994,157,154,0.8813191966401168
CB,secchi_max,1995-10-04,1995,277,281,0.7913869849736488
CB,secchi_max,1996-09-18,1996,262,205,0.5191694702715142
CB,secchi_max,1997-08-26,1997,238,235,0.6595054969722233
CB,secchi_max,1998-08-10,1998,222,236,0.5559172026999721
CB,secchi_max,1999-05-19,1999,139,134,0.354583563167711
CB,secchi_max,2000-10-31,2000,305,299,0.5936716682263398
CB,secchi_max,2001-10-17,2001,290,286,0.17821858623420794
CB,secchi_max,2002-07-29,2002,210,209,0.6193838157481044
CB,secchi_max,2003-05-27,2003,147,301,0.6401519369463609
CB,secchi_max,2004-08-18,2004,231,226,0.6721521554535039
CB,secchi_max,2005-10-19,2005,292,312,0.2871142857129163
CB,secchi_max,2006-10-18,2006,291,299,0.7148791908477893
CB,secchi_max,2007-11-08,2007,312,229,0.10803874109425049
CB,secchi_max,2008-10-07,2008,281,311,0.7461729892190473
CB,secchi_max,2009-09-16,2009,259,259,0.8565321201032658
CB,secchi_max,2010-06-08,2010,159,153,0.7559360609916954
CB,secchi_max,2011-08-24,2011,236,234,0.6271876367426881
CB,secchi_max,2012-05-30,2012,151,192,0.25980049442408437
CB,secchi_max,2013-09-05,2013,248,243,0.5553067916771606
CB,secchi_max,2014-07-29,2014,210,196,0.26491769844333446
CB,secchi_max,2015-06-16,2015,167,-999,-999
CB,secchi_max,2016-06-08,2016,160,160,0.7289965116344188
CB,secchi_max,2017-11-06,2017,310,310,0.6073078189750412
CB,secchi_max,2018-09-05,2018,248,254,0.6164622682567704
CB,secchi_max,2019-09-25,2019,268,274,0.11557475805439821
CR,secchi_max,1982-07-19,1982,200,186,0.4824159758609107
CR,secchi_max,1983-07-20,1983,201,167,0.8940437722333743
CR,secchi_max,1984-07-04,1984,186,-999,-999
CR,secchi_max,1985-05-29,1985,149,145,0.32210749466476096
CR,secchi_max,1986-06-05,1986,156,153,0.9092326442278178
CR,secchi_max,1987-06-22,1987,173,145,0.778826385828882
CR,secchi_max,1988-04-26,1988,117,117,0.18987423095243272
CR,secchi_max,1989-06-29,1989,180,173,0.4693311466358365
CR,secchi_max,1990-05-31,1990,151,139,0.3596095650782716
CR,secchi_max,1991-08-01,1991,213,167,0.6634823619923349
CR,secchi_max,1992-07-06,1992,188,189,0.7963829444503128
CR,secchi_max,1993-09-07,1993,250,240,0.6191614478401752
CR,secchi_max,1994-09-07,1994,250,239,0.9053967467210935
CR,secchi_max,1995-10-05,1995,278,-999,-999
CR,secchi_max,1996-07-24,1996,206,192,0.7531697671499615
CR,secchi_max,1997-07-15,1997,196,228,0.6829009690027088
CR,secchi_max,1998-07-30,1998,211,221,0.8966370836216176
CR,secchi_max,1999-08-25,1999,237,246,0.6304811624823103
CR,secchi_max,2000-09-08,2000,252,-999,-999
CR,secchi_max,2001-06-13,2001,164,157,0.6945996249648806
CR,secchi_max,2002-08-28,2002,240,236,0.5310067703938042
CR,secchi_max,2003-08-07,2003,219,-999,-999
CR,secchi_max,2004-08-05,2004,218,254,0.7579900942561875
CR,secchi_max,2005-09-20,2005,263,245,0.7584148223611765
CR,secchi_max,2006-09-08,2006,251,258,0.7791271193357713
CR,secchi_max,2007-07-04,2007,185,178,0.8390395769807215
CR,secchi_max,2008-09-24,2008,268,244,0.7954969579499067
CR,secchi_max,2009-07-23,2009,204,233,0.8901433852356622
CR,secchi_max,2010-07-21,2010,202,-999,-999
CR,secchi_max,2011-10-06,2011,279,260,0.7761554785750573
CR,secchi_max,2012-10-18,2012,292,319,0.49512279167574047
CR,secchi_max,2013-10-17,2013,290,317,0.5374287840255529
CR,secchi_max,2014-07-03,2014,184,194,0.7854545889999575
CR,secchi_max,2015-10-06,2015,279,184,0.7431618780041083
CR,secchi_max,2016-08-17,2016,230,218,0.6344122247393353
CR,secchi_max,2017-10-16,2017,289,-999,-999
CR,secchi_max,2018-05-15,2018,135,135,0.17916445716010532
CR,secchi_max,2019-10-22,2019,295,294,0.6432969402650693
FI,secchi_max,1996-10-14,1996,288,-999,-999
FI,secchi_max,1997-06-10,1997,161,160,0.5476060799876449
FI,secchi_max,1998-05-27,1998,147,146,0.8557365672257716
FI,secchi_max,1999-11-29,1999,333,-999,-999
FI,secchi_max,2000-04-26,2000,117,-999,-999
FI,secchi_max,2001-05-08,2001,128,113,0.5671590392099495
FI,secchi_max,2002-05-22,2002,142,-999,-999
FI,secchi_max,2003-05-28,2003,148,-999,-999
FI,secchi_max,2004-04-27,2004,118,118,0.8731309414178073
FI,secchi_max,2005-06-09,2005,160,159,0.8753510403851258
FI,secchi_max,2006-05-18,2006,138,143,0.8012003775697589
FI,secchi_max,2007-05-18,2007,138,128,0.7973506031669201
FI,secchi_max,2008-04-18,2008,109,109,0.35969236802641547
FI,secchi_max,2009-05-04,2009,124,-999,-999
FI,secchi_max,2010-05-27,2010,147,-999,-999
FI,secchi_max,2011-05-19,2011,139,137,0.8888490560604347
FI,secchi_max,2012-11-02,2012,307,306,0.8283631919049594
FI,secchi_max,2013-05-08,2013,128,128,0.9188642185063951
FI,secchi_max,2014-05-29,2014,149,166,0.40704208942349607
FI,secchi_max,2015-05-12,2015,132,130,0.8933871808586942
FI,secchi_max,2016-05-12,2016,133,134,0.835526450760994
FI,secchi_max,2017-05-05,2017,125,124,0.8441675618398896
FI,secchi_max,2018-08-20,2018,232,231,0.5123143161834938
FI,secchi_max,2019-05-03,2019,123,128,0.8867592346459465
ME,secchi_max,1995-06-06,1995,157,156,0.9349690738224629
ME,secchi_max,1996-05-04,1996,125,126,0.7128843038832547
ME,secchi_max,1997-05-13,1997,133,162,0.4806978524431579
ME,secchi_max,1998-05-11,1998,131,129,0.7710005141078115
ME,secchi_max,1999-04-26,1999,116,112,0.8168217880268945
ME,secchi_max,2000-04-25,2000,116,-999,-999
ME,secchi_max,2001-05-07,2001,127,144,0.4830198824520444
ME,secchi_max,2002-05-20,2002,140,153,0.8204077769413257
ME,secchi_max,2003-05-13,2003,133,132,0.4274820021513589
ME,secchi_max,2004-05-10,2004,131,126,0.7075889967504725
ME,secchi_max,2005-05-09,2005,129,128,0.5367469940122644
ME,secchi_max,2006-11-27,2006,331,-999,-999
ME,secchi_max,2007-05-14,2007,134,135,0.863889270947636
ME,secchi_max,2008-05-28,2008,149,149,0.9136204958604528
ME,secchi_max,2009-06-09,2009,160,170,0.6972930571995926
ME,secchi_max,2010-05-24,2010,144,144,0.9056322529409219
ME,secchi_max,2011-06-13,2011,164,158,0.8811658837571128
ME,secchi_max,2012-05-01,2012,122,126,0.9082012000740868
ME,secchi_max,2013-06-10,2013,161,158,0.9433796579854159
ME,secchi_max,2014-06-09,2014,160,-999,-999
ME,secchi_max,2015-06-08,2015,159,152,0.7204224248581496
ME,secchi_max,2016-05-11,2016,132,134,0.877198883624153
ME,secchi_max,2017-05-30,2017,150,-999,-999
ME,secchi_max,2018-11-30,2018,334,-999,-999
ME,secchi_max,2019-05-28,2019,148,152,0.7460334328225868
MO,secchi_max,1995-05-23,1995,143,139,0.7346413728040444
MO,secchi_max,1996-06-10,1996,162,163,0.8179944885923197
MO,secchi_max,1997-04-21,1997,111,105,0.5610257808593069
MO,secchi_max,1998-05-11,1998,131,129,0.8161453904552547
MO,secchi_max,1999-04-30,1999,120,140,0.7474390520580465
MO,secchi_max,2000-04-25,2000,116,145,0.4887467364029533
MO,secchi_max,2001-05-09,2001,129,152,0.6508380396714344
MO,secchi_max,2002-05-21,2002,141,140,0.9493889079349795
MO,secchi_max,2003-05-27,2003,147,140,0.9306893233964174
MO,secchi_max,2004-05-11,2004,132,128,0.8168119422264227
MO,secchi_max,2005-05-10,2005,130,127,0.8522630741232522
MO,secchi_max,2006-05-03,2006,123,130,0.5557306604503165
MO,secchi_max,2007-05-21,2007,141,129,0.9561515295240459
MO,secchi_max,2008-05-14,2008,135,138,0.9853578242631759
MO,secchi_max,2009-05-28,2009,148,139,0.6677893767394374
MO,secchi_max,2010-05-25,2010,145,140,0.9623051865033151
MO,secchi_max,2011-05-17,2011,137,136,0.8765488563676485
MO,secchi_max,2012-05-03,2012,124,122,0.8318161654984652
MO,secchi_max,2013-05-15,2013,135,143,0.9118476940302241
MO,secchi_max,2014-05-15,2014,135,143,0.8750289088516319
MO,secchi_max,2015-05-13,2015,133,138,0.6653024661189376
MO,secchi_max,2016-05-23,2016,144,144,0.9006320854285901
MO,secchi_max,2017-05-04,2017,124,127,0.6526472261022318
MO,secchi_max,2018-05-15,2018,135,136,0.925539032745611
MO,secchi_max,2019-05-29,2019,149,138,0.8343754495207899
SP,secchi_max,1982-08-17,1982,229,214,0.6453937783824506
SP,secchi_max,1983-09-06,1983,249,253,0.7742019018151909
SP,secchi_max,1984-08-16,1984,229,200,0.8935144270803027
SP,secchi_max,1985-08-05,1985,217,206,0.8201728505251138
SP,secchi_max,1986-06-30,1986,181,183,0.6998783757761208
SP,secchi_max,1987-06-29,1987,180,192,0.9063900909664786
SP,secchi_max,1988-07-18,1988,200,212,0.6216368025299266
SP,secchi_max,1989-08-21,1989,233,223,0.9347030067842593
SP,secchi_max,1990-06-26,1990,177,155,0.9106826587922288
SP,secchi_max,1991-08-12,1991,224,223,0.6436413264302017
SP,secchi_max,1992-06-15,1992,167,166,0.9213927180245448
SP,secchi_max,1993-08-23,1993,235,241,0.8761061891866445
SP,secchi_max,1994-09-06,1994,249,-999,-999
SP,secchi_max,1995-09-06,1995,249,244,0.6936852607612776
SP,secchi_max,1996-09-05,1996,249,-999,-999
SP,secchi_max,1997-07-29,1997,210,221,0.7857886219559931
SP,secchi_max,1998-08-12,1998,224,187,0.8155149519633238
SP,secchi_max,1999-07-28,1999,209,184,0.7868588325298924
SP,secchi_max,2000-10-03,2000,277,288,0.31185652634138405
SP,secchi_max,2001-07-24,2001,205,221,0.7463960719281715
SP,secchi_max,2002-07-30,2002,211,195,0.8969781022061607
SP,secchi_max,2003-08-20,2003,232,-999,-999
SP,secchi_max,2004-09-29,2004,273,-999,-999
SP,secchi_max,2005-06-13,2005,164,167,0.8943246061596009
SP,secchi_max,2006-07-12,2006,193,253,0.7953519352979292
SP,secchi_max,2007-07-30,2007,211,217,0.8281196454444326
SP,secchi_max,2008-09-08,2008,252,240,0.5618146623758535
SP,secchi_max,2009-07-22,2009,203,183,0.8871187472855938
SP,secchi_max,2010-08-17,2010,229,210,0.7458727957439019
SP,secchi_max,2011-09-06,2011,249,261,0.8521425037882194
SP,secchi_max,2012-07-25,2012,207,197,0.4048995393245549
SP,secchi_max,2013-10-02,2013,275,269,0.7273692164345917
SP,secchi_max,2014-08-25,2014,237,279,0.7210001521612543
SP,secchi_max,2015-10-07,2015,280,274,0.6693999527740273
SP,secchi_max,2016-08-02,2016,215,216,0.541871749576233
SP,secchi_max,2017-08-21,2017,233,245,0.772943271369404
SP,secchi_max,2018-08-07,2018,219,239,0.8951607186084011
SP,secchi_max,2019-10-07,2019,280,274,0.8442961299387737
TB,secchi_max,1982-08-19,1982,231,232,0.8337174078747748
TB,secchi_max,1983-09-08,1983,251,251,0.8072855214167868
TB,secchi_max,1984-08-15,1984,228,164,0.7225404007495386
TB,secchi_max,1985-09-09,1985,252,254,0.8001231748179423
TB,secchi_max,1986-10-06,1986,279,189,0.6269363295373966
TB,secchi_max,1987-09-24,1987,267,244,0.4234354296257986
TB,secchi_max,1988-09-28,1988,272,218,0.7457182842023189
TB,secchi_max,1989-05-29,1989,149,138,0.5250224398213992
TB,secchi_max,1990-08-08,1990,220,183,0.4506137092655671
TB,secchi_max,1991-07-18,1991,199,190,0.569487567587091
TB,secchi_max,1992-05-20,1992,141,141,0.6321752844120072
TB,secchi_max,1993-08-23,1993,235,196,0.5461648222042419
TB,secchi_max,1994-07-25,1994,206,208,0.7893578993473049
TB,secchi_max,1995-08-08,1995,220,-999,-999
TB,secchi_max,1996-09-04,1996,248,249,0.5442351110171659
TB,secchi_max,1997-08-11,1997,223,-999,-999
TB,secchi_max,1998-08-10,1998,222,-999,-999
TB,secchi_max,1999-06-14,1999,165,181,0.5772618129015713
TB,secchi_max,2000-06-26,2000,178,181,0.4838328693267373
TB,secchi_max,2001-08-21,2001,233,-999,-999
TB,secchi_max,2002-07-31,2002,212,212,0.38591504074511307
TB,secchi_max,2003-05-27,2003,147,145,0.554992645484932
TB,secchi_max,2004-09-10,2004,254,242,0.25116584979306333
TB,secchi_max,2005-07-25,2005,206,210,0.7210086754335119
TB,secchi_max,2006-08-22,2006,234,-999,-999
TB,secchi_max,2007-08-02,2007,214,115,0.21089416439412545
TB,secchi_max,2008-06-20,2008,172,154,0.1505561606603042
TB,secchi_max,2009-09-15,2009,258,264,0.7187506690771033
TB,secchi_max,2010-07-22,2010,203,204,0.4157466498741794
TB,secchi_max,2011-07-25,2011,206,211,0.8555309431090974
TB,secchi_max,2012-07-23,2012,205,-999,-999
TB,secchi_max,2013-05-13,2013,133,133,0.11095608353676445
TB,secchi_max,2014-07-29,2014,210,-999,-999
TB,secchi_max,2015-08-25,2015,237,280,0.5944513269071057
TB,secchi_max,2016-07-06,2016,188,188,0.84355454204538
TB,secchi_max,2017-06-26,2017,177,164,0.4128908482878275
TB,secchi_max,2018-05-16,2018,136,136,0.7323767720607934
TB,secchi_max,2019-07-29,2019,210,240,0.36484840672338203
TR,secchi_max,1982-06-22,1982,173,172,0.5129211332216506
TR,secchi_max,1983-08-03,1983,215,211,0.6411698013208125
TR,secchi_max,1984-06-19,1984,171,173,0.8895257665743914
TR,secchi_max,1985-06-11,1985,162,164,0.6765110368364453
TR,secchi_max,1986-06-17,1986,168,160,0.6103180013311502
TR,secchi_max,1987-07-27,1987,208,212,0.7325357337443403
TR,secchi_max,1988-06-07,1988,159,156,0.82959727797454
TR,secchi_max,1989-06-28,1989,179,247,0.6769437225974686
TR,secchi_max,1990-06-25,1990,176,180,0.7683140752743348
TR,secchi_max,1991-07-17,1991,198,193,0.6860158837734237
TR,secchi_max,1992-06-03,1992,155,155,0.8858533730390237
TR,secchi_max,1993-07-13,1993,194,214,0.5835718044242091
TR,secchi_max,1994-09-07,1994,250,247,0.7517947583479477
TR,secchi_max,1995-05-04,1995,124,124,0.2550593075996709
TR,secchi_max,1996-09-06,1996,250,238,0.36942668350859964
TR,secchi_max,1997-07-30,1997,211,221,0.8780503665301937
TR,secchi_max,1998-07-02,1998,183,180,0.7520113686291984
TR,secchi_max,1999-06-08,1999,159,157,0.7024600160991425
TR,secchi_max,2000-04-10,2000,101,101,0.2251975704645548
TR,secchi_max,2001-08-22,2001,234,231,0.7774194535089366
TR,secchi_max,2002-07-29,2002,210,197,0.80138216612350055
TR,secchi_max,2003-06-24,2003,175,196,0.7201375253121596
TR,secchi_max,2004-07-20,2004,202,161,0.41398324678244536
TR,secchi_max,2005-06-02,2005,153,152,0.6757986978822037
TR,secchi_max,2006-06-02,2006,153,181,0.24842277700514137
TR,secchi_max,2007-07-17,2007,198,177,0.6638144225569087
TR,secchi_max,2008-06-19,2008,171,174,0.8865522863798604
TR,secchi_max,2009-07-07,2009,188,182,0.7740656798363222
TR,secchi_max,2010-07-07,2010,188,190,0.6324212547430523
TR,secchi_max,2011-09-09,2011,252,230,0.5331597018761614
TR,secchi_max,2012-06-25,2012,177,178,0.7344016753835745
TR,secchi_max,2013-07-09,2013,190,194,0.1578922663300224
TR,secchi_max,2014-08-14,2014,226,201,0.6146581883853296
TR,secchi_max,2015-07-02,2015,183,195,0.6045265025978246
TR,secchi_max,2016-06-09,2016,161,151,0.7791639038076681
TR,secchi_max,2017-07-27,2017,208,-999,-999
TR,secchi_max,2018-08-09,2018,221,-999,-999
TR,secchi_max,2019-08-15,2019,227,211,0.22927401250273616
WI,secchi_max,1996-06-11,1996,163,162,0.9006904780303674
WI,secchi_max,1997-11-20,1997,324,-999,-999
WI,secchi_max,1998-06-24,1998,175,166,0.7600350492672987
WI,secchi_max,1999-05-11,1999,131,132,0.4498023575480704
WI,secchi_max,2000-04-12,2000,103,-999,-999
WI,secchi_max,2001-04-12,2001,102,102,0.6937299140797681
WI,secchi_max,2002-04-09,2002,99,98,0.7736700397425151
WI,secchi_max,2003-04-03,2003,93,93,0.6977723618516909
WI,secchi_max,2004-06-10,2004,162,158,0.9366020540422739
WI,secchi_max,2005-08-16,2005,228,157,0.3680567465811344
WI,secchi_max,2006-11-28,2006,332,-999,-999
WI,secchi_max,2007-05-03,2007,123,-999,-999
WI,secchi_max,2008-05-13,2008,134,150,0.509676899899283
WI,secchi_max,2009-05-12,2009,132,136,0.679633837106177
WI,secchi_max,2010-03-30,2010,89,89,0.610618282092246
WI,secchi_max,2011-11-01,2011,305,-999,-999
WI,secchi_max,2012-05-17,2012,138,134,0.519727514081495
WI,secchi_max,2013-05-29,2013,149,148,0.7071731761944136
WI,secchi_max,2014-11-03,2014,307,307,0.9337521065119577
WI,secchi_max,2015-03-31,2015,90,-999,-999
WI,secchi_max,2016-06-21,2016,173,168,0.854519301446232
WI,secchi_max,2017-06-27,2017,178,-999,-999
WI,secchi_max,2018-05-31,2018,151,161,0.922250460920801
WI,secchi_max,2019-05-30,2019,150,156,0.3605792566263265
AL,secchi_min,1982-09-21,1982,264,-999,-999
AL,secchi_min,1983-09-29,1983,272,-999,-999
AL,secchi_min,1984-09-06,1984,250,252,0.5988392349372962
AL,secchi_min,1985-08-19,1985,231,235,0.4865395925861803
AL,secchi_min,1986-04-24,1986,114,114,0.0745522357084325
AL,secchi_min,1987-08-26,1987,238,233,0.7566617384654403
AL,secchi_min,1988-09-28,1988,272,252,0.7062155146588008
AL,secchi_min,1989-09-06,1989,249,253,0.5105029535215154
AL,secchi_min,1990-10-31,1990,304,313,0.6999784092442131
AL,secchi_min,1991-09-23,1991,266,-999,-999
AL,secchi_min,1992-05-05,1992,126,311,-0.03450303404983579
AL,secchi_min,1993-09-09,1993,252,252,0.4857654492958342
AL,secchi_min,1994-09-09,1994,252,228,0.7034566426380657
AL,secchi_min,1995-05-01,1995,121,121,0.2408208563058981
AL,secchi_min,1996-09-16,1996,260,-999,-999
AL,secchi_min,1997-09-25,1997,268,-999,-999
AL,secchi_min,1998-09-22,1998,265,-999,-999
AL,secchi_min,1999-09-22,1999,265,267,0.5114183980010438
AL,secchi_min,2000-08-23,2000,236,249,0.7832768045869893
AL,secchi_min,2001-09-17,2001,260,274,0.38630625369544414
AL,secchi_min,2002-09-24,2002,267,267,0.7356217552112592
AL,secchi_min,2003-04-30,2003,120,120,0.2655452804659373
AL,secchi_min,2004-04-27,2004,118,118,0.19678524775244544
AL,secchi_min,2005-10-20,2005,293,-999,-999
AL,secchi_min,2006-04-20,2006,110,110,0.4857062138405822
AL,secchi_min,2007-04-23,2007,113,312,0.05305624602347514
AL,secchi_min,2008-09-22,2008,266,-999,-999
AL,secchi_min,2009-08-31,2009,243,229,0.09118816576914013
AL,secchi_min,2010-09-13,2010,256,239,0.6029898874232305
AL,secchi_min,2011-05-31,2011,151,-999,-999
AL,secchi_min,2012-09-04,2012,248,250,0.6682963607087247
AL,secchi_min,2013-05-14,2013,134,311,0.13430508523485118
AL,secchi_min,2014-05-20,2014,140,140,0.2799504549362749
AL,secchi_min,2015-04-21,2015,111,111,0.44227539595636345
AL,secchi_min,2016-04-25,2016,116,116,0.12513696285214815
AL,secchi_min,2017-10-04,2017,277,311,0.3563718525585702
AL,secchi_min,2018-05-14,2018,134,134,0.3234197952766711
AL,secchi_min,2019-10-22,2019,295,295,0.3598442430325349
BM,secchi_min,1982-05-25,1982,145,-999,-999
BM,secchi_min,1983-08-17,1983,229,188,0.8148853599854277
BM,secchi_min,1984-07-17,1984,199,310,0.8294798636349089
BM,secchi_min,1985-05-14,1985,134,121,0.08753005215290999
BM,secchi_min,1986-04-23,1986,113,113,0.409701693031442
BM,secchi_min,1987-04-16,1987,106,106,0.14035035639417992
BM,secchi_min,1988-04-25,1988,116,116,0.14871833469251083
BM,secchi_min,1989-10-17,1989,290,295,0.571616695095015
BM,secchi_min,1990-05-01,1990,121,121,0.22457191521402176
BM,secchi_min,1991-05-06,1991,126,302,0.41833344291830754
BM,secchi_min,1992-09-23,1992,267,244,0.4337587069335037
BM,secchi_min,1993-05-18,1993,138,314,0.6913114897676804
BM,secchi_min,1994-06-01,1994,152,-999,-999
BM,secchi_min,1995-10-30,1995,303,-999,-999
BM,secchi_min,1996-10-02,1996,276,-999,-999
BM,secchi_min,1997-10-22,1997,295,296,0.5472701046402653
BM,secchi_min,1998-10-05,1998,278,306,0.5174365966071244
BM,secchi_min,1999-05-03,1999,123,315,0.23626005641845094
BM,secchi_min,2000-09-07,2000,251,-999,-999
BM,secchi_min,2001-09-17,2001,260,259,0.630637795528393
BM,secchi_min,2002-10-07,2002,280,283,0.6770623666624418
BM,secchi_min,2003-05-15,2003,135,127,0.07790933247650478
BM,secchi_min,2004-05-11,2004,132,120,0.38425321230159404
BM,secchi_min,2005-04-22,2005,112,112,0.16994925842380104
BM,secchi_min,2006-10-16,2006,289,189,0.543967993444668
BM,secchi_min,2007-09-11,2007,254,-999,-999
BM,secchi_min,2008-10-21,2008,295,287,0.3237405033894255
BM,secchi_min,2009-09-29,2009,272,281,0.24075324568193524
BM,secchi_min,2010-04-13,2010,103,-999,-999
BM,secchi_min,2011-05-31,2011,151,319,0.1234010766999244
BM,secchi_min,2012-08-20,2012,233,236,0.6177761709553665
BM,secchi_min,2013-06-10,2013,161,-999,-999
BM,secchi_min,2014-05-20,2014,140,140,0.17392536701042505
BM,secchi_min,2015-04-23,2015,113,113,0.2890161950454623
BM,secchi_min,2016-05-23,2016,144,316,0.033171942128603193
BM,secchi_min,2017-04-19,2017,109,109,0.18157285797975853
BM,secchi_min,2018-05-16,2018,136,-999,-999
BM,secchi_min,2019-05-08,2019,128,128,0.033178755734490584
CB,secchi_min,1982-08-19,1982,231,239,0.4069824205912419
CB,secchi_min,1983-06-07,1983,158,147,0.7420783997261196
CB,secchi_min,1984-06-18,1984,170,131,0.8742817392308535
CB,secchi_min,1985-05-14,1985,134,170,0.8703974798897622
CB,secchi_min,1986-05-06,1986,126,-999,-999
CB,secchi_min,1987-04-13,1987,103,103,0.40573229820439116
CB,secchi_min,1988-07-07,1988,189,190,0.5975615968150383
CB,secchi_min,1989-05-04,1989,124,124,0.0236773940251499
CB,secchi_min,1990-05-02,1990,122,122,0.611416427105631
CB,secchi_min,1991-07-31,1991,212,203,0.5983415793025997
CB,secchi_min,1992-07-08,1992,190,187,0.8962069832188911
CB,secchi_min,1993-07-01,1993,182,208,0.5305287990914169
CB,secchi_min,1994-10-04,1994,277,319,0.5247681117252279
CB,secchi_min,1995-06-12,1995,163,179,0.730042149719642
CB,secchi_min,1996-10-01,1996,275,-999,-999
CB,secchi_min,1997-06-02,1997,153,152,0.23206143661461198
CB,secchi_min,1998-05-05,1998,125,121,0.5200021147666029
CB,secchi_min,1999-08-25,1999,237,-999,-999
CB,secchi_min,2000-07-10,2000,192,191,0.3714662027220137
CB,secchi_min,2001-09-05,2001,248,246,0.2986700661123223
CB,secchi_min,2002-04-25,2002,115,115,0.05855487155737116
CB,secchi_min,2003-05-01,2003,121,121,0.40975632671485374
CB,secchi_min,2004-06-23,2004,175,167,0.6831509490117682
CB,secchi_min,2005-04-18,2005,108,108,0.3060426833054304
CB,secchi_min,2006-06-01,2006,152,149,0.8000971330926319
CB,secchi_min,2007-04-23,2007,113,113,0.10035522789537199
CB,secchi_min,2008-05-20,2008,141,127,0.6589461981092678
CB,secchi_min,2009-04-27,2009,117,117,0.6647983886026324
CB,secchi_min,2010-10-13,2010,286,272,0.5381434159174435
CB,secchi_min,2011-06-29,2011,180,177,0.658714569362461
CB,secchi_min,2012-06-13,2012,165,235,0.5643030907282991
CB,secchi_min,2013-06-11,2013,162,219,0.6121278570359363
CB,secchi_min,2014-10-08,2014,281,281,0.4672962196932159
CB,secchi_min,2015-05-20,2015,140,-999,-999
CB,secchi_min,2016-07-21,2016,203,-999,-999
CB,secchi_min,2017-07-24,2017,205,156,0.625974735033565
CB,secchi_min,2017-07-24,2017,205,157,0.625974735033565
CB,secchi_min,2017-07-24,2017,205,158,0.625974735033565
CB,secchi_min,2017-07-24,2017,205,159,0.625974735033565
CB,secchi_min,2017-07-24,2017,205,160,0.625974735033565
CB,secchi_min,2017-07-24,2017,205,161,0.625974735033565
CB,secchi_min,2017-07-24,2017,205,162,0.625974735033565
CB,secchi_min,2017-07-24,2017,205,163,0.625974735033565
CB,secchi_min,2017-07-24,2017,205,164,0.625974735033565
CB,secchi_min,2017-07-24,2017,205,165,0.625974735033565
CB,secchi_min,2017-07-24,2017,205,166,0.625974735033565
CB,secchi_min,2017-07-24,2017,205,167,0.625974735033565
CB,secchi_min,2017-07-24,2017,205,168,0.625974735033565
CB,secchi_min,2017-07-24,2017,205,169,0.625974735033565
CB,secchi_min,2017-07-24,2017,205,170,0.625974735033565
CB,secchi_min,2017-07-24,2017,205,171,0.625974735033565
CB,secchi_min,2017-07-24,2017,205,172,0.625974735033565
CB,secchi_min,2018-05-14,2018,134,134,0.6209059069560721
CB,secchi_min,2019-05-22,2019,142,142,0.2257039548080345
CR,secchi_min,1982-05-10,1982,130,130,0.24883039579777178
CR,secchi_min,1983-11-29,1983,333,333,0.6754715305124599
CR,secchi_min,1984-06-07,1984,159,132,0.28610090646535336
CR,secchi_min,1985-05-15,1985,135,317,0.09887332783649116
CR,secchi_min,1986-05-05,1986,125,124,0.7933410255907978
CR,secchi_min,1987-10-07,1987,280,289,0.7218988890560227
CR,secchi_min,1988-05-12,1988,133,141,0.7023231261542735
CR,secchi_min,1989-05-02,1989,122,122,0.3846882160148346
CR,secchi_min,1990-11-01,1990,305,318,0.36647574887837076
CR,secchi_min,1991-05-08,1991,128,128,0.503189024104626
CR,secchi_min,1992-11-09,1992,314,-999,-999
CR,secchi_min,1993-11-09,1993,313,-999,-999
CR,secchi_min,1994-05-02,1994,122,122,0.34957343909968996
CR,secchi_min,1995-11-01,1995,305,-999,-999
CR,secchi_min,1996-11-05,1996,310,-999,-999
CR,secchi_min,1997-05-07,1997,127,127,0.5193599838373442
CR,secchi_min,1998-11-04,1998,308,-999,-999
CR,secchi_min,1999-05-05,1999,125,125,0.4153942298209725
CR,secchi_min,2000-04-19,2000,110,103,0.31033284568075337
CR,secchi_min,2001-05-03,2001,123,-999,-999
CR,secchi_min,2002-08-01,2002,213,132,0.1942886041039894
CR,secchi_min,2003-10-16,2003,289,-999,-999
CR,secchi_min,2004-05-13,2004,134,128,0.55824972455731
CR,secchi_min,2005-05-02,2005,122,119,0.5022099427423599
CR,secchi_min,2006-04-19,2006,109,109,0.6472342961441621
CR,secchi_min,2007-05-24,2007,144,-999,-999
CR,secchi_min,2008-05-21,2008,142,137,0.6801519139471722
CR,secchi_min,2009-04-28,2009,118,118,0.34231791572658155
CR,secchi_min,2010-04-15,2010,105,105,0.29668109583817426
CR,secchi_min,2011-06-01,2011,152,166,0.8226223148893874
CR,secchi_min,2012-04-18,2012,109,96,0.40913050371267146
CR,secchi_min,2013-06-05,2013,156,152,0.6292962296797339
CR,secchi_min,2014-05-22,2014,142,142,0.3148698868367147
CR,secchi_min,2015-04-20,2015,110,110,0.615881910721741
CR,secchi_min,2016-04-26,2016,117,117,0.2950860420679191
CR,secchi_min,2017-05-03,2017,123,121,0.7299993614441567
CR,secchi_min,2018-07-10,2018,191,226,0.3996384388319655
CR,secchi_min,2019-05-22,2019,142,135,0.03960349651263251
FI,secchi_min,1996-07-24,1996,206,-999,-999
FI,secchi_min,1997-04-10,1997,100,100,0.23512177825327885
FI,secchi_min,1998-09-01,1998,244,-999,-999
FI,secchi_min,1999-08-31,1999,243,182,0.6614628309428965
FI,secchi_min,2000-08-02,2000,215,178,0.7076974632180687
FI,secchi_min,2001-05-23,2001,143,140,0.7797864558733466
FI,secchi_min,2002-07-02,2002,183,176,0.7464655695516055
FI,secchi_min,2003-09-05,2003,248,196,0.7980947858188951
FI,secchi_min,2004-07-21,2004,203,199,0.7985353027787763
FI,secchi_min,2005-08-05,2005,217,-999,-999
FI,secchi_min,2006-07-27,2006,208,171,0.6094983118472657
FI,secchi_min,2007-08-22,2007,234,218,0.7817325408889337
FI,secchi_min,2008-08-07,2008,220,221,0.586572692244302
FI,secchi_min,2009-08-06,2009,218,205,0.7364548144205588
FI,secchi_min,2010-08-06,2010,218,216,0.5905413313047496
FI,secchi_min,2011-06-30,2011,181,307,0.5081801739769489
FI,secchi_min,2012-07-27,2012,209,212,0.8743325284502163
FI,secchi_min,2013-08-20,2013,232,178,0.9626137510452044
FI,secchi_min,2014-08-07,2014,219,219,0.5378484013059215
FI,secchi_min,2015-08-31,2015,243,220,0.47888483674690185
FI,secchi_min,2016-09-01,2016,245,179,0.7240254303256417
FI,secchi_min,2017-07-13,2017,194,174,0.5331927285246797
FI,secchi_min,2018-06-27,2018,178,-999,-999
FI,secchi_min,2019-08-20,2019,232,222,0.4455158968207297
ME,secchi_min,1995-08-14,1995,226,189,0.5248626218602036
ME,secchi_min,1996-08-05,1996,218,-999,-999
ME,secchi_min,1997-10-01,1997,274,220,0.5406943899606347
ME,secchi_min,1998-04-24,1998,114,111,0.6429200051258686
ME,secchi_min,1999-07-06,1999,187,177,0.6241036187923825
ME,secchi_min,2000-08-28,2000,241,234,0.6144519941071587
ME,secchi_min,2001-09-26,2001,269,244,0.38972176965360705
ME,secchi_min,2002-08-12,2002,224,189,0.6132239648501201
ME,secchi_min,2003-08-18,2003,230,259,0.46038348631455484
ME,secchi_min,2004-08-16,2004,229,-999,-999
ME,secchi_min,2005-07-18,2005,199,190,0.6107724216885498
ME,secchi_min,2006-08-07,2006,219,250,0.958111248320284
ME,secchi_min,2007-10-01,2007,274,-999,-999
ME,secchi_min,2008-07-07,2008,189,-999,-999
ME,secchi_min,2009-07-20,2009,201,198,0.7092614715150944
ME,secchi_min,2010-03-29,2010,88,88,0.04528183183533252
ME,secchi_min,2011-08-22,2011,234,240,0.34864291408591164
ME,secchi_min,2012-07-23,2012,205,-999,-999
ME,secchi_min,2013-08-21,2013,233,179,0.518198152644499
ME,secchi_min,2014-07-21,2014,202,195,0.4048947418394684
ME,secchi_min,2015-05-13,2015,133,-999,-999
ME,secchi_min,2016-03-28,2016,88,88,0.12804586660221595
ME,secchi_min,2017-04-17,2017,107,107,0.3484201153510428
ME,secchi_min,2018-05-07,2018,127,95,0.8226661126161847
ME,secchi_min,2019-04-15,2019,105,-999,-999
MO,secchi_min,1995-09-25,1995,268,238,0.9090944661550482
MO,secchi_min,1996-08-05,1996,218,207,0.5886897204708338
MO,secchi_min,1997-09-30,1997,273,253,0.683860423056166
MO,secchi_min,1998-07-06,1998,187,-999,-999
MO,secchi_min,1999-07-19,1999,200,187,0.6547214105406467
MO,secchi_min,2000-08-28,2000,241,235,0.5139183118872062
MO,secchi_min,2001-07-17,2001,198,203,0.5743119539847026
MO,secchi_min,2002-07-26,2002,207,323,0.6944307019861551
MO,secchi_min,2003-04-01,2003,91,-999,-999
MO,secchi_min,2004-10-06,2004,280,-999,-999
MO,secchi_min,2005-08-03,2005,215,166,0.7076169971370452
MO,secchi_min,2006-10-30,2006,303,200,0.6465141429385328
MO,secchi_min,2007-10-04,2007,277,194,0.4886322002181769
MO,secchi_min,2008-08-18,2008,231,305,0.6812211865511704
MO,secchi_min,2009-09-04,2009,247,197,0.5563611715060255
MO,secchi_min,2010-07-20,2010,201,182,0.4536373343662521
MO,secchi_min,2011-10-04,2011,277,305,0.4752625549612681
MO,secchi_min,2012-05-16,2012,137,201,0.6128313248470598
MO,secchi_min,2013-07-22,2013,203,189,0.6556960013020259
MO,secchi_min,2014-07-21,2014,202,164,0.8086410050024102
MO,secchi_min,2015-07-22,2015,203,169,0.5556258562921805
MO,secchi_min,2016-03-29,2016,89,89,0.11440813215459011
MO,secchi_min,2017-07-25,2017,206,215,0.8837168351085463
MO,secchi_min,2018-07-24,2018,205,166,0.5184442955010597
MO,secchi_min,2019-08-06,2019,218,208,0.5614570287353231
SP,secchi_min,1982-05-12,1982,132,132,0.5325748484661221
SP,secchi_min,1983-11-15,1983,319,-999,-999
SP,secchi_min,1984-06-04,1984,156,-999,-999
SP,secchi_min,1985-05-15,1985,135,133,0.40911152846165344
SP,secchi_min,1986-05-07,1986,127,-999,-999
SP,secchi_min,1987-11-02,1987,306,-999,-999
SP,secchi_min,1988-04-25,1988,116,116,0.19501342493955498
SP,secchi_min,1989-11-14,1989,318,-999,-999
SP,secchi_min,1990-11-12,1990,316,-999,-999
SP,secchi_min,1991-11-11,1991,315,-999,-999
SP,secchi_min,1992-11-09,1992,314,-999,-999
SP,secchi_min,1993-05-18,1993,138,137,0.3774514905264128
SP,secchi_min,1994-05-05,1994,125,125,0.33347588269522543
SP,secchi_min,1995-05-02,1995,122,122,0.028530069998262908
SP,secchi_min,1996-11-06,1996,311,-999,-999
SP,secchi_min,1997-11-10,1997,314,-999,-999
SP,secchi_min,1998-11-12,1998,316,-999,-999
SP,secchi_min,1999-05-04,1999,124,124,0.3776653501095042
SP,secchi_min,2000-07-12,2000,194,189,0.3771868438520626
SP,secchi_min,2001-04-30,2001,120,-999,-999
SP,secchi_min,2002-11-07,2002,311,-999,-999
SP,secchi_min,2003-05-14,2003,134,126,0.5357244307210214
SP,secchi_min,2004-04-30,2004,121,121,0.6433158133041146
SP,secchi_min,2005-05-02,2005,122,-999,-999
SP,secchi_min,2006-04-20,2006,110,110,0.4285379279924979
SP,secchi_min,2007-11-12,2007,316,-999,-999
SP,secchi_min,2008-05-13,2008,134,134,0.04069925516364992
SP,secchi_min,2009-05-13,2009,133,128,0.4512355514369182
SP,secchi_min,2010-05-24,2010,144,122,0.6616372155697773
SP,secchi_min,2011-05-16,2011,136,136,0.4735292624151216
SP,secchi_min,2012-10-31,2012,305,297,0.45491785423351705
SP,secchi_min,2013-11-13,2013,317,-999,-999
SP,secchi_min,2014-05-19,2014,139,139,0.4571516248887435
SP,secchi_min,2015-04-23,2015,113,113,0.22384413059092512
SP,secchi_min,2016-04-26,2016,117,117,0.4806427645610377
SP,secchi_min,2017-11-13,2017,317,-999,-999
SP,secchi_min,2018-11-12,2018,316,-999,-999
SP,secchi_min,2019-11-15,2019,319,-999,-999
TB,secchi_min,1982-06-07,1982,158,-999,-999
TB,secchi_min,1983-06-09,1983,160,160,0.6304884350520884
TB,secchi_min,1984-05-22,1984,143,-999,-999
TB,secchi_min,1985-04-29,1985,119,119,0.12341778044224694
TB,secchi_min,1986-05-06,1986,126,120,0.632261712241543
TB,secchi_min,1987-04-13,1987,103,103,0.15965225038944952
TB,secchi_min,1988-04-21,1988,112,112,0.6802536340229367
TB,secchi_min,1989-05-03,1989,123,311,0.264234868438746
TB,secchi_min,1990-10-29,1990,302,-999,-999
TB,secchi_min,1991-05-23,1991,143,150,0.6162380206598168
TB,secchi_min,1992-05-04,1992,125,126,0.5156074628677403
TB,secchi_min,1993-06-14,1993,165,172,0.23652258118849911
TB,secchi_min,1994-10-18,1994,291,-999,-999
TB,secchi_min,1995-07-11,1995,192,195,0.44958515902007434
TB,secchi_min,1996-05-31,1996,152,131,0.4116438765254533
TB,secchi_min,1997-10-08,1997,281,-999,-999
TB,secchi_min,1998-04-21,1998,111,111,0.1914975067034277
TB,secchi_min,1999-09-10,1999,253,258,0.5785770190042661
TB,secchi_min,2000-10-04,2000,278,278,0.38423613969556913
TB,secchi_min,2001-05-30,2001,150,320,0.3056201824650926
TB,secchi_min,2002-09-24,2002,267,-999,-999
TB,secchi_min,2003-05-12,2003,132,125,0.42638438018357505
TB,secchi_min,2004-06-21,2004,173,157,0.25583614691427625
TB,secchi_min,2005-04-18,2005,108,108,0.16963631403255786
TB,secchi_min,2006-07-24,2006,205,-999,-999
TB,secchi_min,2007-10-09,2007,282,270,0.15501616415166186
TB,secchi_min,2008-05-21,2008,142,-999,-999
TB,secchi_min,2009-05-29,2009,149,187,0.4659985541791104
TB,secchi_min,2010-04-13,2010,103,103,0.32113264954349874
TB,secchi_min,2011-06-01,2011,152,-999,-999
TB,secchi_min,2012-04-02,2012,93,93,0.21327745053415614
TB,secchi_min,2013-08-06,2013,218,218,0.7134839527216335
TB,secchi_min,2014-07-16,2014,197,141,0.11991584239130926
TB,secchi_min,2015-05-21,2015,141,134,0.636515878842873
TB,secchi_min,2016-11-16,2016,321,280,0.2397171117731557
TB,secchi_min,2017-04-19,2017,109,-999,-999
TB,secchi_min,2018-10-17,2018,290,310,0.7669249211308573
TB,secchi_min,2019-08-12,2019,224,192,0.0805458116287221
TR,secchi_min,1982-05-13,1982,133,133,0.21058338030378765
TR,secchi_min,1983-11-17,1983,321,-999,-999
TR,secchi_min,1984-05-22,1984,143,-999,-999
TR,secchi_min,1985-11-15,1985,319,-999,-999
TR,secchi_min,1986-11-04,1986,308,247,0.5932332588856113
TR,secchi_min,1987-11-17,1987,321,-999,-999
TR,secchi_min,1988-11-07,1988,312,306,0.5171836545066796
TR,secchi_min,1989-11-13,1989,317,-999,-999
TR,secchi_min,1990-11-13,1990,317,-999,-999
TR,secchi_min,1991-05-08,1991,128,128,0.39412602846726674
TR,secchi_min,1992-11-10,1992,315,246,0.5321192744052656
TR,secchi_min,1993-05-17,1993,137,-999,-999
TR,secchi_min,1994-10-04,1994,277,291,0.30697778403544207
TR,secchi_min,1995-11-02,1995,306,319,0.36167592092180834
TR,secchi_min,1996-05-31,1996,152,312,0.034471404428980335
TR,secchi_min,1997-11-11,1997,315,-999,-999
TR,secchi_min,1998-11-13,1998,317,-999,-999
TR,secchi_min,1999-11-08,1999,312,311,0.5518509659471197
TR,secchi_min,2000-07-25,2000,207,205,0.4462453917558489
TR,secchi_min,2001-11-01,2001,305,-999,-999
TR,secchi_min,2002-11-06,2002,310,-999,-999
TR,secchi_min,2003-11-21,2003,325,-999,-999
TR,secchi_min,2004-08-19,2004,232,-999,-999
TR,secchi_min,2005-11-14,2005,318,318,0.384311523980877
TR,secchi_min,2006-05-17,2006,137,-999,-999
TR,secchi_min,2007-05-23,2007,143,-999,-999
TR,secchi_min,2008-05-12,2008,133,133,0.2891873595614326
TR,secchi_min,2009-04-30,2009,120,120,0.3820167594534376
TR,secchi_min,2010-09-13,2010,256,-999,-999
TR,secchi_min,2011-06-02,2011,153,-999,-999
TR,secchi_min,2012-11-01,2012,306,-999,-999
TR,secchi_min,2013-11-14,2013,318,318,0.33196066682087033
TR,secchi_min,2014-06-19,2014,170,-999,-999
TR,secchi_min,2015-04-24,2015,114,114,0.5633856469598709
TR,secchi_min,2016-11-15,2016,320,291,0.4345333743449733
TR,secchi_min,2017-05-04,2017,124,126,0.42370085057103624
TR,secchi_min,2018-10-18,2018,291,-999,-999
TR,secchi_min,2019-05-23,2019,143,144,0.2869050397226651
WI,secchi_min,1996-07-24,1996,206,184,0.5153244274237256
WI,secchi_min,1997-06-11,1997,162,266,0.8480330229807131
WI,secchi_min,1998-08-07,1998,219,220,0.6892045169734008
WI,secchi_min,1999-08-17,1999,229,185,0.7586930515071769
WI,secchi_min,2000-08-14,2000,227,194,0.8610216327589265
WI,secchi_min,2001-05-23,2001,143,333,0.6912237943423772
WI,secchi_min,2002-08-15,2002,227,243,0.7307301217207789
WI,secchi_min,2003-09-04,2003,247,250,0.6747192426614421
WI,secchi_min,2004-03-31,2004,91,91,0.16354936794050678
WI,secchi_min,2005-04-11,2005,101,101,0.2382919861593209
WI,secchi_min,2006-06-28,2006,179,174,0.5644849994667316
WI,secchi_min,2007-06-26,2007,177,180,0.44906464131155366
WI,secchi_min,2008-08-19,2008,232,229,0.5666595863904933
WI,secchi_min,2009-07-07,2009,188,157,0.28653999081210135
WI,secchi_min,2010-10-08,2010,281,276,0.2622909094989263
WI,secchi_min,2011-08-10,2011,222,225,0.8758650851603115
WI,secchi_min,2012-07-24,2012,206,210,0.40260820796469465
WI,secchi_min,2013-07-22,2013,203,197,0.5124582826949187
WI,secchi_min,2014-05-15,2014,135,122,0.9318348980550327
WI,secchi_min,2015-05-12,2015,132,139,0.6487296975414687
WI,secchi_min,2016-04-27,2016,118,-999,-999
WI,secchi_min,2017-07-12,2017,193,-999,-999
WI,secchi_min,2018-08-21,2018,233,215,0.6216161964511401
WI,secchi_min,2019-08-07,2019,219,222,0.31538782424934597
AL,secchi_springmax,1982-06-09,1982,160,NA,NA
AL,secchi_springmax,1983-06-22,1983,173,NA,NA
AL,secchi_springmax,1984-06-21,1984,173,NA,NA
AL,secchi_springmax,1985-05-28,1985,148,145,0.8993153294165185
AL,secchi_springmax,1986-06-18,1986,169,-999,-999
AL,secchi_springmax,1987-05-18,1987,138,141,0.9946424279845077
AL,secchi_springmax,1988-06-07,1988,159,167,0.973395864339582
AL,secchi_springmax,1989-05-29,1989,149,147,0.9891550511784277
AL,secchi_springmax,1990-05-30,1990,150,146,0.9891717084452104
AL,secchi_springmax,1991-05-21,1991,141,NA,NA
AL,secchi_springmax,1992-06-01,1992,153,NA,NA
AL,secchi_springmax,1993-06-04,1993,155,160,0.9952696395987173
AL,secchi_springmax,1994-06-06,1994,157,161,0.998497427008296
AL,secchi_springmax,1995-06-26,1995,177,177,0.8663500037593639
AL,secchi_springmax,1996-06-27,1996,179,NA,NA
AL,secchi_springmax,1997-06-16,1997,167,NA,NA
AL,secchi_springmax,1998-06-17,1998,168,-999,-999
AL,secchi_springmax,1999-05-17,1999,137,138,0.8485962123329245
AL,secchi_springmax,2000-05-04,2000,125,127,0.829693422258944
AL,secchi_springmax,2001-05-29,2001,149,149,0.9821622616549598
AL,secchi_springmax,2002-06-03,2002,154,147,0.986855060022822
AL,secchi_springmax,2003-05-29,2003,149,150,0.9905872444772973
AL,secchi_springmax,2004-05-24,2004,145,149,0.9962976577757378
AL,secchi_springmax,2005-05-31,2005,151,151,0.9867977557619109
AL,secchi_springmax,2006-05-30,2006,150,156,0.9976787337438051
AL,secchi_springmax,2007-05-21,2007,141,135,0.9880545701773943
AL,secchi_springmax,2008-06-02,2008,154,NA,NA
AL,secchi_springmax,2009-06-08,2009,159,154,0.9796480968698066
AL,secchi_springmax,2010-04-27,2010,117,117,0.739941663090218
AL,secchi_springmax,2011-06-13,2011,164,-999,-999
AL,secchi_springmax,2012-05-14,2012,135,-999,-999
AL,secchi_springmax,2013-06-10,2013,161,NA,NA
AL,secchi_springmax,2014-06-17,2014,168,NA,NA
AL,secchi_springmax,2015-05-05,2015,125,128,0.9038113040561531
AL,secchi_springmax,2016-06-06,2016,158,158,0.9853343069886384
AL,secchi_springmax,2017-05-03,2017,123,124,0.8980631550373686
AL,secchi_springmax,2018-06-25,2018,176,NA,NA
AL,secchi_springmax,2019-06-18,2019,169,NA,NA
BM,secchi_springmax,1982-06-21,1982,172,NA,NA
BM,secchi_springmax,1983-06-06,1983,157,NA,NA
BM,secchi_springmax,1984-06-20,1984,172,NA,NA
BM,secchi_springmax,1985-05-30,1985,150,150,0.9578375381232892
BM,secchi_springmax,1986-05-19,1986,139,140,0.9599762368652557
BM,secchi_springmax,1987-05-21,1987,141,142,0.9471675612513926
BM,secchi_springmax,1988-05-25,1988,146,147,0.9901367424494499
BM,secchi_springmax,1989-05-31,1989,151,158,0.9956325452621968
BM,secchi_springmax,1990-05-31,1990,151,150,0.9329002088150058
BM,secchi_springmax,1991-06-05,1991,156,NA,NA
BM,secchi_springmax,1992-06-03,1992,155,NA,NA
BM,secchi_springmax,1993-06-02,1993,153,154,0.8627597460901191
BM,secchi_springmax,1994-06-13,1994,164,164,0.8683726951797703
BM,secchi_springmax,1995-06-13,1995,164,164,0.9878947907538995
BM,secchi_springmax,1996-06-25,1996,177,NA,NA
BM,secchi_springmax,1997-06-17,1997,168,164,0.9739653364005931
BM,secchi_springmax,1998-05-04,1998,124,124,0.9264497510254649
BM,secchi_springmax,1999-05-18,1999,138,140,0.9595851895058928
BM,secchi_springmax,2000-05-30,2000,151,125,0.7875084988675776
BM,secchi_springmax,2001-05-31,2001,151,151,0.9915572774575216
BM,secchi_springmax,2002-06-18,2002,169,-999,-999
BM,secchi_springmax,2003-06-09,2003,160,-999,-999
BM,secchi_springmax,2004-06-08,2004,160,174,0.9483346525066161
BM,secchi_springmax,2005-05-31,2005,151,152,0.9913494528073602
BM,secchi_springmax,2006-05-19,2006,139,137,0.622639241982964
BM,secchi_springmax,2007-04-25,2007,115,115,0.1485825514243616
BM,secchi_springmax,2008-06-23,2008,175,NA,NA
BM,secchi_springmax,2009-06-23,2009,174,-999,-999
BM,secchi_springmax,2010-05-25,2010,145,145,0.9887099822777269
BM,secchi_springmax,2011-05-05,2011,125,NA,NA
BM,secchi_springmax,2012-04-30,2012,121,126,0.7231938423939559
BM,secchi_springmax,2013-06-24,2013,175,NA,NA
BM,secchi_springmax,2014-06-16,2014,167,NA,NA
BM,secchi_springmax,2015-05-19,2015,139,144,0.9941747247275516
BM,secchi_springmax,2016-05-09,2016,130,173,0.10392444967661851
BM,secchi_springmax,2017-05-16,2017,136,133,0.5945284559782524
BM,secchi_springmax,2018-05-29,2018,149,NA,NA
BM,secchi_springmax,2019-06-03,2019,154,NA,NA
CB,secchi_springmax,1982-06-23,1982,174,NA,NA
CB,secchi_springmax,1983-06-23,1983,174,NA,NA
CB,secchi_springmax,1984-06-05,1984,157,NA,NA
CB,secchi_springmax,1985-05-02,1985,122,122,0.7632393588064547
CB,secchi_springmax,1986-06-17,1986,168,168,0.9118748146117992
CB,secchi_springmax,1987-06-03,1987,154,158,0.7773785911240702
CB,secchi_springmax,1988-05-11,1988,132,135,0.990327171488418
CB,secchi_springmax,1989-05-30,1989,150,155,0.7035262604981485
CB,secchi_springmax,1990-05-30,1990,150,160,0.9855761121448418
CB,secchi_springmax,1991-05-21,1991,141,NA,NA
CB,secchi_springmax,1992-05-21,1992,142,NA,NA
CB,secchi_springmax,1993-06-03,1993,154,NA,NA
CB,secchi_springmax,1994-06-06,1994,157,155,0.9543238695085333
CB,secchi_springmax,1995-06-02,1995,153,148,0.20685865816916993
CB,secchi_springmax,1996-06-13,1996,165,NA,NA
CB,secchi_springmax,1997-06-19,1997,170,170,0.7207339057355265
CB,secchi_springmax,1998-05-19,1998,139,140,0.9756588233124324
CB,secchi_springmax,1999-05-19,1999,139,139,0.9867551725233424
CB,secchi_springmax,2000-04-17,2000,108,105,0.09368045641919898
CB,secchi_springmax,2001-06-04,2001,155,151,0.9897635802545031
CB,secchi_springmax,2002-06-18,2002,169,169,0.4966488975700498
CB,secchi_springmax,2003-05-27,2003,147,148,0.9856302916406249
CB,secchi_springmax,2004-05-11,2004,132,131,0.993764457186649
CB,secchi_springmax,2005-06-29,2005,180,179,0.9815009733100213
CB,secchi_springmax,2006-05-03,2006,123,124,0.8922099119095235
CB,secchi_springmax,2007-05-08,2007,128,133,0.9905519760896627
CB,secchi_springmax,2008-06-05,2008,157,NA,NA
CB,secchi_springmax,2009-05-27,2009,147,145,0.9554597792824234
CB,secchi_springmax,2010-06-08,2010,159,157,0.9610810132691748
CB,secchi_springmax,2011-05-19,2011,139,152,0.9799129991738141
CB,secchi_springmax,2012-05-30,2012,151,150,0.7486351105753213
CB,secchi_springmax,2013-06-26,2013,177,NA,NA
CB,secchi_springmax,2014-05-21,2014,141,NA,NA
CB,secchi_springmax,2015-06-16,2015,167,-999,-999
CB,secchi_springmax,2016-06-08,2016,160,160,0.9863118431709206
CB,secchi_springmax,2017-05-18,2017,138,131,0.4781699619553982
CB,secchi_springmax,2018-06-13,2018,164,NA,NA
CB,secchi_springmax,2019-06-17,2019,168,NA,NA
CR,secchi_springmax,1982-06-24,1982,175,NA,NA
CR,secchi_springmax,1983-06-06,1983,157,NA,NA
CR,secchi_springmax,1984-04-25,1984,116,116,0.7104059498949129
CR,secchi_springmax,1985-05-29,1985,149,-999,-999
CR,secchi_springmax,1986-06-05,1986,156,153,0.9108182469066287
CR,secchi_springmax,1987-06-22,1987,173,173,0.3402731256749252
CR,secchi_springmax,1988-04-26,1988,117,175,0.12568635964485886
CR,secchi_springmax,1989-06-29,1989,180,180,0.8641631855023668
CR,secchi_springmax,1990-05-31,1990,151,149,0.9629609361364413
CR,secchi_springmax,1991-06-20,1991,171,NA,NA
CR,secchi_springmax,1992-06-02,1992,154,NA,NA
CR,secchi_springmax,1993-06-02,1993,153,NA,NA
CR,secchi_springmax,1994-06-30,1994,181,181,0.9697065021166664
CR,secchi_springmax,1995-06-28,1995,179,-999,-999
CR,secchi_springmax,1996-06-11,1996,163,NA,NA
CR,secchi_springmax,1997-06-16,1997,167,NA,NA
CR,secchi_springmax,1998-06-03,1998,154,150,0.9836490171580898
CR,secchi_springmax,1999-06-17,1999,168,169,0.942573895358274
CR,secchi_springmax,2000-06-28,2000,180,180,0.8692737295603222
CR,secchi_springmax,2001-06-13,2001,164,161,0.9979476564612418
CR,secchi_springmax,2002-06-20,2002,171,-999,-999
CR,secchi_springmax,2003-06-11,2003,162,164,0.7026082923572645
CR,secchi_springmax,2004-06-08,2004,160,160,0.9227785369004031
CR,secchi_springmax,2005-06-29,2005,180,-999,-999
CR,secchi_springmax,2006-06-29,2006,180,173,0.8258863639410805
CR,secchi_springmax,2007-06-21,2007,172,167,0.9213703782178154
CR,secchi_springmax,2008-06-05,2008,157,NA,NA
CR,secchi_springmax,2009-06-29,2009,180,172,0.9962742413297975
CR,secchi_springmax,2010-06-02,2010,153,181,0.5415538961655969
CR,secchi_springmax,2011-06-08,2011,159,161,0.6062919468038309
CR,secchi_springmax,2012-06-21,2012,173,180,0.596943478135917
CR,secchi_springmax,2013-05-14,2013,134,134,0.7281157981606835
CR,secchi_springmax,2014-06-18,2014,169,NA,NA
CR,secchi_springmax,2015-06-16,2015,167,167,0.9648652184461226
CR,secchi_springmax,2016-06-08,2016,160,163,0.9883817032423562
CR,secchi_springmax,2017-06-27,2017,178,172,0.9519250567404776
CR,secchi_springmax,2018-05-15,2018,135,NA,NA
CR,secchi_springmax,2019-06-19,2019,170,NA,NA
FI,secchi_springmax,1996-05-27,1996,148,150,0.8763684635087546
FI,secchi_springmax,1997-06-10,1997,161,161,0.771918588597954
FI,secchi_springmax,1998-05-27,1998,147,147,0.9741095266573527
FI,secchi_springmax,1999-05-24,1999,144,143,0.9450291853856202
FI,secchi_springmax,2000-04-26,2000,117,116,0.9249490599882724
FI,secchi_springmax,2001-05-08,2001,128,-999,-999
FI,secchi_springmax,2002-05-22,2002,142,146,0.9912382108661859
FI,secchi_springmax,2003-05-28,2003,148,149,0.7345441643459972
FI,secchi_springmax,2004-04-27,2004,118,117,0.84189662043415
FI,secchi_springmax,2005-06-09,2005,160,159,0.9744206822462114
FI,secchi_springmax,2006-05-18,2006,138,140,0.9719969064029066
FI,secchi_springmax,2007-05-18,2007,138,133,0.9464882363944479
FI,secchi_springmax,2008-04-18,2008,109,109,0.3954637405648673
FI,secchi_springmax,2009-05-04,2009,124,NA,NA
FI,secchi_springmax,2010-05-27,2010,147,149,0.9054885066129816
FI,secchi_springmax,2011-05-19,2011,139,138,0.8651075413235607
FI,secchi_springmax,2012-05-31,2012,152,154,0.6062486002446524
FI,secchi_springmax,2013-05-08,2013,128,128,0.9292876660766537
FI,secchi_springmax,2014-05-29,2014,149,149,0.8671397837373914
FI,secchi_springmax,2015-05-12,2015,132,131,0.986212703727002
FI,secchi_springmax,2016-05-12,2016,133,135,0.9794101011245694
FI,secchi_springmax,2017-05-05,2017,125,124,0.8367928454167263
FI,secchi_springmax,2018-06-01,2018,152,148,0.9762023634501675
FI,secchi_springmax,2019-05-03,2019,123,128,0.9785165075677917
ME,secchi_springmax,1995-06-06,1995,157,NA,NA
ME,secchi_springmax,1996-05-04,1996,125,127,0.8735041930728273
ME,secchi_springmax,1997-05-13,1997,133,132,0.7326480711817112
ME,secchi_springmax,1998-05-11,1998,131,131,0.8855163916972835
ME,secchi_springmax,1999-04-26,1999,116,115,0.7472584219483687
ME,secchi_springmax,2000-04-25,2000,116,115,0.5797786147506989
ME,secchi_springmax,2001-05-07,2001,127,127,0.8704096153127081
ME,secchi_springmax,2002-05-20,2002,140,132,0.8998370900744606
ME,secchi_springmax,2003-05-13,2003,133,130,0.9723103718431645
ME,secchi_springmax,2004-05-10,2004,131,131,0.9019152240411517
ME,secchi_springmax,2005-05-09,2005,129,130,0.8720374646386868
ME,secchi_springmax,2006-04-04,2006,94,94,0.9579956545047822
ME,secchi_springmax,2007-05-14,2007,134,135,0.9488030861177026
ME,secchi_springmax,2008-05-28,2008,149,149,0.9417538993457635
ME,secchi_springmax,2009-06-09,2009,160,-999,-999
ME,secchi_springmax,2010-05-24,2010,144,144,0.9735011047785033
ME,secchi_springmax,2011-06-13,2011,164,159,0.9664580130020681
ME,secchi_springmax,2012-05-01,2012,122,121,0.9868902999557804
ME,secchi_springmax,2013-06-10,2013,161,158,0.9780368521811763
ME,secchi_springmax,2014-06-09,2014,160,160,0.9482862606980402
ME,secchi_springmax,2015-06-08,2015,159,149,0.8649425959636348
ME,secchi_springmax,2016-05-11,2016,132,135,0.9364643175408278
ME,secchi_springmax,2017-05-30,2017,150,150,0.9705106499082697
ME,secchi_springmax,2018-06-11,2018,162,160,0.8783993583111787
ME,secchi_springmax,2019-05-28,2019,148,151,0.9837150280973527
MO,secchi_springmax,1995-05-23,1995,143,NA,NA
MO,secchi_springmax,1996-06-10,1996,162,-999,-999
MO,secchi_springmax,1997-04-21,1997,111,111,0.8471088986539183
MO,secchi_springmax,1998-05-11,1998,131,125,0.7854216782093492
MO,secchi_springmax,1999-04-30,1999,120,115,0.6943324811587028
MO,secchi_springmax,2000-04-25,2000,116,117,0.9757234797785264
MO,secchi_springmax,2001-05-09,2001,129,129,0.9585095459757491
MO,secchi_springmax,2002-05-21,2002,141,141,0.9881647066511713
MO,secchi_springmax,2003-05-27,2003,147,139,0.9614897498577543
MO,secchi_springmax,2004-05-11,2004,132,132,0.9683266879611379
MO,secchi_springmax,2005-05-10,2005,130,126,0.9892015805589833
MO,secchi_springmax,2006-05-03,2006,123,121,0.7780809672654077
MO,secchi_springmax,2007-05-21,2007,141,131,0.963224375732462
MO,secchi_springmax,2008-05-14,2008,135,139,0.9942105309686248
MO,secchi_springmax,2009-05-28,2009,148,136,0.935352133773242
MO,secchi_springmax,2010-05-25,2010,145,141,0.987413658166615
MO,secchi_springmax,2011-05-17,2011,137,137,0.9679569157222242
MO,secchi_springmax,2012-05-03,2012,124,121,0.7969630128769548
MO,secchi_springmax,2013-05-15,2013,135,137,0.993998826472614
MO,secchi_springmax,2014-05-15,2014,135,140,0.9863494538271701
MO,secchi_springmax,2015-05-13,2015,133,133,0.9855999306466866
MO,secchi_springmax,2016-05-23,2016,144,146,0.9603278437603199
MO,secchi_springmax,2017-05-04,2017,124,130,0.7127150493044818
MO,secchi_springmax,2018-05-15,2018,135,136,0.9799563660773867
MO,secchi_springmax,2019-05-29,2019,149,141,0.9482004214894338
SP,secchi_springmax,1982-06-23,1982,174,NA,NA
SP,secchi_springmax,1983-06-21,1983,172,NA,NA
SP,secchi_springmax,1984-06-20,1984,172,-999,-999
SP,secchi_springmax,1985-06-25,1985,176,167,0.6422999714187496
SP,secchi_springmax,1986-06-30,1986,181,181,0.9355577099513123
SP,secchi_springmax,1987-06-29,1987,180,-999,-999
SP,secchi_springmax,1988-05-24,1988,145,146,0.9874378644637329
SP,secchi_springmax,1989-06-26,1989,177,-999,-999
SP,secchi_springmax,1990-06-26,1990,177,177,0.9419349540521927
SP,secchi_springmax,1991-06-19,1991,170,NA,NA
SP,secchi_springmax,1992-06-15,1992,167,NA,NA
SP,secchi_springmax,1993-06-14,1993,165,-999,-999
SP,secchi_springmax,1994-06-01,1994,152,157,0.9946689347714358
SP,secchi_springmax,1995-05-15,1995,135,133,0.5192389956843417
SP,secchi_springmax,1996-06-26,1996,178,NA,NA
SP,secchi_springmax,1997-06-04,1997,155,NA,NA
SP,secchi_springmax,1998-06-29,1998,180,178,0.7837819463386307
SP,secchi_springmax,1999-06-16,1999,167,NA,NA
SP,secchi_springmax,2000-05-17,2000,138,138,0.8672702007110306
SP,secchi_springmax,2001-05-29,2001,149,151,0.9882187084961375
SP,secchi_springmax,2002-06-19,2002,170,170,0.996147574119155
SP,secchi_springmax,2003-06-23,2003,174,168,0.9770265602722257
SP,secchi_springmax,2004-06-07,2004,159,159,0.9882432127742359
SP,secchi_springmax,2005-06-13,2005,164,166,0.9728270254169121
SP,secchi_springmax,2006-06-15,2006,166,163,0.9292831827835714
SP,secchi_springmax,2007-06-06,2007,157,170,0.5568474384956599
SP,secchi_springmax,2008-06-18,2008,170,NA,NA
SP,secchi_springmax,2009-06-25,2009,176,176,0.9820551903095571
SP,secchi_springmax,2010-06-08,2010,159,158,0.8955673307313672
SP,secchi_springmax,2011-06-28,2011,179,179,0.8920562449349615
SP,secchi_springmax,2012-05-31,2012,152,151,0.6098733036076922
SP,secchi_springmax,2013-06-25,2013,176,NA,NA
SP,secchi_springmax,2014-06-17,2014,168,NA,NA
SP,secchi_springmax,2015-05-18,2015,138,141,0.9908028995518556
SP,secchi_springmax,2016-06-20,2016,172,172,0.9963759303637558
SP,secchi_springmax,2017-05-17,2017,137,-999,-999
SP,secchi_springmax,2018-06-11,2018,162,NA,NA
SP,secchi_springmax,2019-06-04,2019,155,NA,NA
TB,secchi_springmax,1982-05-12,1982,132,NA,NA
TB,secchi_springmax,1983-05-09,1983,129,NA,NA
TB,secchi_springmax,1984-06-04,1984,156,NA,NA
TB,secchi_springmax,1985-05-31,1985,151,145,0.5426135248747799
TB,secchi_springmax,1986-05-21,1986,141,143,0.9343865413999999
TB,secchi_springmax,1987-06-03,1987,154,151,0.9808488693387156
TB,secchi_springmax,1988-06-20,1988,172,172,0.8521498561055736
TB,secchi_springmax,1989-05-29,1989,149,146,0.9960774125600296
TB,secchi_springmax,1990-06-27,1990,178,178,0.9871982687276775
TB,secchi_springmax,1991-06-18,1991,169,NA,NA
TB,secchi_springmax,1992-05-20,1992,141,NA,NA
TB,secchi_springmax,1993-05-20,1993,140,-999,-999
TB,secchi_springmax,1994-06-15,1994,166,167,0.9656555932140038
TB,secchi_springmax,1995-06-01,1995,152,179,0.345765137076138
TB,secchi_springmax,1996-06-12,1996,164,NA,NA
TB,secchi_springmax,1997-05-20,1997,140,NA,NA
TB,secchi_springmax,1998-06-17,1998,168,168,0.9900213167671057
TB,secchi_springmax,1999-06-14,1999,165,NA,NA
TB,secchi_springmax,2000-06-26,2000,178,-999,-999
TB,secchi_springmax,2001-06-12,2001,163,-999,-999
TB,secchi_springmax,2002-05-22,2002,142,NA,NA
TB,secchi_springmax,2003-05-27,2003,147,148,0.9612656829213809
TB,secchi_springmax,2004-04-26,2004,117,117,0.4410071140310582
TB,secchi_springmax,2005-06-16,2005,167,179,0.7677897069988036
TB,secchi_springmax,2006-05-01,2006,121,-999,-999
TB,secchi_springmax,2007-06-05,2007,156,169,-0.016670334195391545
TB,secchi_springmax,2008-06-20,2008,172,NA,NA
TB,secchi_springmax,2009-06-09,2009,160,160,0.7422217689580874
TB,secchi_springmax,2010-06-23,2010,174,-999,-999
TB,secchi_springmax,2011-06-27,2011,178,-999,-999
TB,secchi_springmax,2012-05-30,2012,151,161,0.5755680830179879
TB,secchi_springmax,2013-05-13,2013,133,NA,NA
TB,secchi_springmax,2014-06-16,2014,167,NA,NA
TB,secchi_springmax,2015-06-03,2015,154,154,0.843880277920869
TB,secchi_springmax,2016-05-24,2016,145,151,0.941960282715249
TB,secchi_springmax,2017-06-26,2017,177,-999,-999
TB,secchi_springmax,2018-05-16,2018,136,NA,NA
TB,secchi_springmax,2019-06-04,2019,155,NA,NA
TR,secchi_springmax,1982-06-22,1982,173,NA,NA
TR,secchi_springmax,1983-06-20,1983,171,NA,NA
TR,secchi_springmax,1984-06-19,1984,171,NA,NA
TR,secchi_springmax,1985-06-11,1985,162,163,0.9788147406896387
TR,secchi_springmax,1986-06-17,1986,168,142,0.5913784388978909
TR,secchi_springmax,1987-06-30,1987,181,181,0.7933900346882075
TR,secchi_springmax,1988-06-07,1988,159,159,0.9871852362594943
TR,secchi_springmax,1989-06-28,1989,179,NA,NA
TR,secchi_springmax,1990-06-25,1990,176,176,0.7399277298731988
TR,secchi_springmax,1991-06-04,1991,155,NA,NA
TR,secchi_springmax,1992-06-03,1992,155,NA,NA
TR,secchi_springmax,1993-06-17,1993,168,-999,-999
TR,secchi_springmax,1994-06-03,1994,154,149,0.9709633713019326
TR,secchi_springmax,1995-05-04,1995,124,124,0.8581470934231281
TR,secchi_springmax,1996-05-20,1996,141,NA,NA
TR,secchi_springmax,1997-06-05,1997,156,NA,NA
TR,secchi_springmax,1998-06-16,1998,167,-999,-999
TR,secchi_springmax,1999-06-08,1999,159,157,0.4503802660561781
TR,secchi_springmax,2000-04-10,2000,101,179,-0.016963478079033534
TR,secchi_springmax,2001-05-30,2001,150,152,0.9722586441088481
TR,secchi_springmax,2002-04-26,2002,116,116,0.10510786094225077
TR,secchi_springmax,2003-06-24,2003,175,NA,NA
TR,secchi_springmax,2004-06-10,2004,162,-999,-999
TR,secchi_springmax,2005-06-02,2005,153,-999,-999
TR,secchi_springmax,2006-06-02,2006,153,152,0.6303541245793074
TR,secchi_springmax,2007-06-20,2007,171,169,0.5230029527686225
TR,secchi_springmax,2008-06-19,2008,171,NA,NA
TR,secchi_springmax,2009-06-24,2009,175,-999,-999
TR,secchi_springmax,2010-05-26,2010,146,160,0.005059327278569392
TR,secchi_springmax,2011-06-29,2011,180,-999,-999
TR,secchi_springmax,2012-06-25,2012,177,177,0.8173733895152869
TR,secchi_springmax,2013-06-12,2013,163,NA,NA
TR,secchi_springmax,2014-06-05,2014,156,NA,NA
TR,secchi_springmax,2015-06-04,2015,155,158,0.9988122172464043
TR,secchi_springmax,2016-06-09,2016,161,154,0.9587745575870785
TR,secchi_springmax,2017-06-02,2017,153,151,0.7868121356097426
TR,secchi_springmax,2018-06-28,2018,179,NA,NA
TR,secchi_springmax,2019-06-20,2019,171,NA,NA
WI,secchi_springmax,1996-06-11,1996,163,-999,-999
WI,secchi_springmax,1997-05-05,1997,125,-999,-999
WI,secchi_springmax,1998-06-24,1998,175,164,0.6224045958956566
WI,secchi_springmax,1999-05-11,1999,131,130,0.9124824641898996
WI,secchi_springmax,2000-04-12,2000,103,99,0.5111412244535528
WI,secchi_springmax,2001-04-12,2001,102,102,0.9522048302147351
WI,secchi_springmax,2002-04-09,2002,99,105,0.8143851292660444
WI,secchi_springmax,2003-04-03,2003,93,93,0.9584908553527207
WI,secchi_springmax,2004-06-10,2004,162,-999,-999
WI,secchi_springmax,2005-05-25,2005,145,147,0.7210230598261727
WI,secchi_springmax,2006-06-01,2006,152,150,0.9789168972957393
WI,secchi_springmax,2007-05-03,2007,123,121,0.8785244002337437
WI,secchi_springmax,2008-05-13,2008,134,137,0.9432345407670972
WI,secchi_springmax,2009-05-12,2009,132,132,0.9865926692771014
WI,secchi_springmax,2010-03-30,2010,89,89,0.8141713288992973
WI,secchi_springmax,2011-05-18,2011,138,137,0.9645303104714931
WI,secchi_springmax,2012-05-17,2012,138,134,0.9227124591886852
WI,secchi_springmax,2013-05-29,2013,149,149,0.9867562877809868
WI,secchi_springmax,2014-06-12,2014,163,164,0.8507650535517335
WI,secchi_springmax,2015-03-31,2015,90,90,0.7932707178567765
WI,secchi_springmax,2016-06-21,2016,173,-999,-999
WI,secchi_springmax,2017-06-27,2017,178,178,0.6061928972572226
WI,secchi_springmax,2018-05-31,2018,151,153,0.9566269725154701
WI,secchi_springmax,2019-05-30,2019,150,150,0.9501679603621161
