lakeid,metric,sampledate,year,daynum,dayWeibull,weibull.r2,weibull.max,weibull.adjust
AL,zoop_max,1982-06-09,1982,160,NA,NA,NA,NA
AL,zoop_max,1983-06-22,1983,173,NA,NA,NA,NA
AL,zoop_max,1984-05-09,1984,130,NA,NA,NA,NA
AL,zoop_max,1985-04-30,1985,120,NA,NA,NA,NA
AL,zoop_max,1986-08-13,1986,225,NA,NA,NA,NA
AL,zoop_max,1987-08-13,1987,225,NA,NA,NA,NA
AL,zoop_max,1988-08-18,1988,231,NA,NA,NA,NA
AL,zoop_max,1989-08-22,1989,234,NA,NA,NA,NA
AL,zoop_max,1990-04-30,1990,120,NA,NA,NA,NA
AL,zoop_max,1991-08-27,1991,239,NA,NA,NA,NA
AL,zoop_max,1992-06-19,1992,171,NA,NA,NA,NA
AL,zoop_max,1993-08-26,1993,238,NA,NA,NA,NA
AL,zoop_max,1994-08-25,1994,237,NA,NA,NA,NA
AL,zoop_max,1995-08-21,1995,233,NA,NA,NA,NA
AL,zoop_max,1996-06-12,1996,164,NA,NA,NA,NA
AL,zoop_max,1997-06-16,1997,167,NA,NA,NA,NA
AL,zoop_max,1998-06-17,1998,168,NA,NA,NA,NA
AL,zoop_max,1999-05-06,1999,126,NA,NA,NA,NA
AL,zoop_max,2000-08-23,2000,236,NA,NA,NA,NA
AL,zoop_max,2001-05-01,2001,121,NA,NA,NA,NA
AL,zoop_max,2002-08-14,2002,226,NA,NA,NA,NA
AL,zoop_max,2003-07-23,2003,204,NA,NA,NA,NA
AL,zoop_max,2004-09-10,2004,254,255.63636883589348,0.657368688201204,FALSE,TRUE
AL,zoop_max,2005-07-11,2005,192,189.4299721646496,0.5280514374255694,TRUE,FALSE
AL,zoop_max,2006-05-16,2006,136,165.05983310175029,0.6008830654521935,FALSE,TRUE
AL,zoop_max,2007-07-16,2007,197,197.65210904741,0.9441324684949723,TRUE,FALSE
AL,zoop_max,2008-08-25,2008,238,NA,NA,NA,NA
AL,zoop_max,2009-04-27,2009,117,NA,NA,NA,NA
AL,zoop_max,2010-04-12,2010,102,84.30731999608042,0.4465382123543965,TRUE,FALSE
AL,zoop_max,2011-09-19,2011,262,242.23197163938963,0.9889549151655568,FALSE,TRUE
AL,zoop_max,2012-09-19,2012,263,99.27964537194195,0.9449971275296141,FALSE,TRUE
AL,zoop_max,2013-08-07,2013,219,222.7178493296279,0.9936464644266019,TRUE,FALSE
AL,zoop_max,2014-08-12,2014,224,NA,NA,NA,NA
AL,zoop_max,2015-08-10,2015,222,226.21575358500272,0.9302219209305874,TRUE,FALSE
AL,zoop_max,2016-08-18,2016,231,229.80335390554885,0.9236781319047661,TRUE,FALSE
AL,zoop_max,2017-08-08,2017,220,220.12881935726824,0.9662106676412815,TRUE,FALSE
AL,zoop_max,2018-09-04,2018,247,NA,NA,NA,NA
AL,zoop_max,2019-08-27,2019,239,NA,NA,NA,NA
BM,zoop_max,1982-05-25,1982,145,144.79775459674994,0.9926063167364951,TRUE,FALSE
BM,zoop_max,1983-09-07,1983,250,154.6140102558395,0.6915455888722475,TRUE,TRUE
BM,zoop_max,1984-08-13,1984,226,229.8794599941859,0.9436658482692524,TRUE,FALSE
BM,zoop_max,1985-05-30,1985,150,149.63341738410554,0.9579758783380664,TRUE,FALSE
BM,zoop_max,1986-07-30,1986,211,205.5617230131801,0.32797083711613184,TRUE,FALSE
BM,zoop_max,1987-07-14,1987,195,184.03172907484324,0.7021684115542504,TRUE,TRUE
BM,zoop_max,1988-05-11,1988,132,72.21394526172685,0.7531132280570225,TRUE,FALSE
BM,zoop_max,1989-05-31,1989,151,147.01202191491444,0.0013164739718872775,TRUE,FALSE
BM,zoop_max,1990-08-21,1990,233,NA,NA,NA,NA
BM,zoop_max,1991-08-27,1991,239,NA,NA,NA,NA
BM,zoop_max,1992-05-05,1992,126,NA,NA,NA,NA
BM,zoop_max,1993-08-26,1993,238,NA,NA,NA,NA
BM,zoop_max,1994-08-26,1994,238,NA,NA,NA,NA
BM,zoop_max,1995-05-03,1995,123,NA,NA,NA,NA
BM,zoop_max,1996-06-10,1996,162,NA,NA,NA,NA
BM,zoop_max,1997-08-27,1997,239,NA,NA,NA,NA
BM,zoop_max,1998-08-11,1998,223,NA,NA,NA,NA
BM,zoop_max,1999-08-27,1999,239,NA,NA,NA,NA
BM,zoop_max,2000-08-24,2000,237,NA,NA,NA,NA
BM,zoop_max,2001-08-21,2001,233,NA,NA,NA,NA
BM,zoop_max,2002-08-12,2002,224,NA,NA,NA,NA
BM,zoop_max,2003-07-23,2003,204,203.16694750048876,0.6144105284563537,TRUE,FALSE
BM,zoop_max,2004-09-13,2004,257,260.7835338414294,0.631622988453819,TRUE,FALSE
BM,zoop_max,2005-08-10,2005,222,221.68650052637585,0.8080985746692094,TRUE,FALSE
BM,zoop_max,2006-08-07,2006,219,217.25730700662436,0.775889886625398,TRUE,FALSE
BM,zoop_max,2007-08-15,2007,227,115.26941755688642,0.8617340886150595,FALSE,TRUE
BM,zoop_max,2008-06-03,2008,155,151.61450922370622,0.3448453795788857,TRUE,FALSE
BM,zoop_max,2009-04-29,2009,119,103.4401831707706,0.8664085901931227,TRUE,FALSE
BM,zoop_max,2010-05-10,2010,130,132.79287748733196,0.68334037695953,TRUE,FALSE
BM,zoop_max,2011-05-05,2011,125,109.43080094018929,0.9406392634398777,TRUE,FALSE
BM,zoop_max,2012-04-30,2012,121,121.829931454443,0.931753977760148,TRUE,FALSE
BM,zoop_max,2013-08-07,2013,219,232.19102443456111,0.967608689700139,TRUE,FALSE
BM,zoop_max,2014-09-09,2014,252,NA,NA,NA,NA
BM,zoop_max,2015-08-12,2015,224,219.5759515312714,0.5149504557139695,TRUE,FALSE
BM,zoop_max,2016-05-23,2016,144,144.78204182195057,0.5314414327427928,TRUE,FALSE
BM,zoop_max,2017-05-16,2017,136,NA,NA,NA,NA
BM,zoop_max,2018-06-13,2018,164,161.16861737058014,0.5011703449277167,TRUE,FALSE
BM,zoop_max,2019-06-03,2019,154,154.58859665839552,0.9817394067189235,TRUE,FALSE
CB,zoop_max,1982-09-07,1982,250,57.06703585246903,0.9421386576716523,FALSE,TRUE
CB,zoop_max,1983-07-07,1983,188,185.89017555774979,0.9416438702917103,TRUE,FALSE
CB,zoop_max,1984-05-10,1984,131,130.11084302597365,0.8555677054759812,TRUE,TRUE
CB,zoop_max,1985-06-25,1985,176,183.22701959437993,0.46509161359861917,TRUE,FALSE
CB,zoop_max,1986-07-14,1986,195,189.88481390199314,0.6889533879372955,TRUE,FALSE
CB,zoop_max,1987-08-13,1987,225,NA,NA,NA,NA
CB,zoop_max,1988-06-22,1988,174,NA,NA,NA,NA
CB,zoop_max,1989-06-14,1989,165,NA,NA,NA,NA
CB,zoop_max,1990-06-11,1990,162,NA,NA,NA,NA
CB,zoop_max,1991-08-26,1991,238,NA,NA,NA,NA
CB,zoop_max,1992-07-25,1992,207,NA,NA,NA,NA
CB,zoop_max,1993-08-25,1993,237,NA,NA,NA,NA
CB,zoop_max,1994-06-14,1994,165,NA,NA,NA,NA
CB,zoop_max,1995-06-12,1995,163,NA,NA,NA,NA
CB,zoop_max,1996-08-07,1996,220,NA,NA,NA,NA
CB,zoop_max,1997-05-07,1997,127,NA,NA,NA,NA
CB,zoop_max,1998-08-10,1998,222,NA,NA,NA,NA
CB,zoop_max,1999-06-30,1999,181,NA,NA,NA,NA
CB,zoop_max,2000-06-14,2000,166,165.3443277688152,0.6743979928705333,TRUE,FALSE
CB,zoop_max,2001-06-26,2001,177,177.79394815485352,0.956521368952953,TRUE,FALSE
CB,zoop_max,2002-06-18,2002,169,NA,NA,NA,NA
CB,zoop_max,2003-08-18,2003,230,NA,NA,NA,NA
CB,zoop_max,2004-06-23,2004,175,174.99595023596657,0.9826401553309663,TRUE,FALSE
CB,zoop_max,2005-08-09,2005,221,228.22866775004834,0.7834743651385824,TRUE,FALSE
CB,zoop_max,2006-07-12,2006,193,192.8548445355919,0.8643903762479586,TRUE,FALSE
CB,zoop_max,2007-06-18,2007,169,167.89668947543638,0.6947494530192186,TRUE,FALSE
CB,zoop_max,2008-07-29,2008,211,209.86389556609794,0.7298779302663001,TRUE,FALSE
CB,zoop_max,2009-08-18,2009,230,NA,NA,NA,NA
CB,zoop_max,2010-09-27,2010,270,274.68398073373623,0.6072776335398392,FALSE,TRUE
CB,zoop_max,2011-07-26,2011,207,209.25798615092523,0.9888370879877173,TRUE,FALSE
CB,zoop_max,2012-05-30,2012,151,164.0910199962204,0.915112930221589,TRUE,FALSE
CB,zoop_max,2013-09-05,2013,248,NA,NA,NA,NA
CB,zoop_max,2014-08-13,2014,225,NA,NA,NA,NA
CB,zoop_max,2015-08-12,2015,224,227.5372047574057,0.7590697714133804,TRUE,FALSE
CB,zoop_max,2016-09-13,2016,257,241.1161569882407,0.8900963552375314,TRUE,TRUE
CB,zoop_max,2017-08-09,2017,221,215.64444348713266,0.7681868754420444,TRUE,FALSE
CB,zoop_max,2018-07-09,2018,190,NA,NA,NA,NA
CB,zoop_max,2019-07-30,2019,211,207.8761377179451,0.9795462667471251,TRUE,FALSE
CR,zoop_max,1982-08-03,1982,215,214.94422156034273,0.9553297700851694,TRUE,FALSE
CR,zoop_max,1983-09-26,1983,269,271.09449882129474,0.4998909066958984,FALSE,TRUE
CR,zoop_max,1984-05-23,1984,144,138.74388806663725,0.502818549970212,TRUE,FALSE
CR,zoop_max,1985-05-15,1985,135,135.13394551505127,0.6896160419423285,TRUE,FALSE
CR,zoop_max,1986-05-22,1986,142,143.10333523841103,0.7869061689660328,TRUE,FALSE
CR,zoop_max,1987-05-20,1987,140,134.1887007418935,0.9236046867994124,TRUE,FALSE
CR,zoop_max,1988-08-17,1988,230,263.05332527342966,0.8635618262381983,TRUE,TRUE
CR,zoop_max,1989-07-12,1989,193,186.85687852135044,0.6112185153986235,TRUE,FALSE
CR,zoop_max,1990-09-06,1990,249,242.40187861402785,0.8762045033131675,TRUE,FALSE
CR,zoop_max,1991-08-15,1991,227,259.7879742573593,0.7568854106952835,FALSE,TRUE
CR,zoop_max,1992-09-08,1992,252,252.45486109642084,0.6993350891890782,TRUE,FALSE
CR,zoop_max,1993-09-07,1993,250,246.90553003717775,0.9004545689315133,TRUE,FALSE
CR,zoop_max,1994-09-07,1994,250,240.4914595499508,0.7555649997821504,TRUE,FALSE
CR,zoop_max,1995-08-10,1995,222,220.9247011425728,0.8053482871685926,TRUE,FALSE
CR,zoop_max,1996-10-01,1996,275,NA,NA,NA,NA
CR,zoop_max,1997-06-16,1997,167,NA,NA,NA,NA
CR,zoop_max,1998-06-15,1998,166,174.51607365335306,0.8935620327735078,TRUE,FALSE
CR,zoop_max,1999-08-25,1999,237,NA,NA,NA,NA
CR,zoop_max,2000-06-01,2000,153,NA,NA,NA,NA
CR,zoop_max,2001-06-01,2001,152,151.16264213897605,0.5803446071957775,TRUE,FALSE
CR,zoop_max,2002-08-15,2002,227,227.48997351228482,0.955933851529169,TRUE,FALSE
CR,zoop_max,2003-09-18,2003,261,167.70795166440297,0.5127270821573735,TRUE,FALSE
CR,zoop_max,2004-05-27,2004,148,155.0201664125647,0.9507531172590353,TRUE,FALSE
CR,zoop_max,2005-09-06,2005,249,261.1891256272293,0.9581682727756589,TRUE,FALSE
CR,zoop_max,2006-07-13,2006,194,220.9560674919905,0.8447381310159221,TRUE,FALSE
CR,zoop_max,2007-10-11,2007,284,49.661754701666965,0.533516803948198,FALSE,TRUE
CR,zoop_max,2008-06-04,2008,156,155.91782402418957,0.7081326742294618,TRUE,FALSE
CR,zoop_max,2009-04-28,2009,118,103.86722097914101,0.6383307550418857,TRUE,FALSE
CR,zoop_max,2010-06-09,2010,160,160.9384818861033,0.8267725771909366,TRUE,FALSE
CR,zoop_max,2011-07-14,2011,195,191.77422145109924,0.8070802179119342,TRUE,FALSE
CR,zoop_max,2012-06-01,2012,153,149.5741266712083,0.9427424258256555,TRUE,FALSE
CR,zoop_max,2013-06-27,2013,178,180.62955067683527,0.8898336231377962,TRUE,FALSE
CR,zoop_max,2014-08-13,2014,225,242.46046096714997,0.9349483810075273,FALSE,TRUE
CR,zoop_max,2015-07-13,2015,194,202.82370502382048,0.9745708933898439,TRUE,FALSE
CR,zoop_max,2016-08-17,2016,230,218.8323263669304,0.7372424765380063,TRUE,FALSE
CR,zoop_max,2017-05-17,2017,137,136.45552233945202,0.9208234077196463,TRUE,FALSE
CR,zoop_max,2018-07-10,2018,191,186.3655590717666,0.9786454863460238,TRUE,FALSE
CR,zoop_max,2019-06-05,2019,156,164.67205833920602,0.956590627191436,TRUE,FALSE
FI,zoop_max,1997-06-24,1997,175,NA,NA,NA,NA
FI,zoop_max,1999-07-20,1999,201,145.28091747176734,0.42057367110499144,TRUE,FALSE
FI,zoop_max,2000-04-26,2000,117,NA,NA,NA,NA
FI,zoop_max,2002-07-02,2002,183,182.1619441144833,0.8678396600693448,TRUE,TRUE
FI,zoop_max,2007-04-20,2007,110,NA,NA,NA,NA
FI,zoop_max,2008-08-07,2008,220,NA,NA,NA,NA
FI,zoop_max,2009-04-22,2009,112,NA,NA,NA,NA
FI,zoop_max,2010-04-16,2010,106,NA,NA,NA,NA
FI,zoop_max,2011-05-19,2011,139,NA,NA,NA,NA
FI,zoop_max,2012-06-14,2012,166,NA,NA,NA,NA
FI,zoop_max,2013-05-08,2013,128,NA,NA,NA,NA
FI,zoop_max,2014-06-11,2014,162,NA,NA,NA,NA
FI,zoop_max,2015-06-10,2015,161,NA,NA,NA,NA
FI,zoop_max,2016-08-05,2016,218,NA,NA,NA,NA
FI,zoop_max,2017-04-20,2017,110,NA,NA,NA,NA
FI,zoop_max,2018-04-25,2018,115,NA,NA,NA,NA
ME,zoop_max,1995-07-06,1995,187,171.90258590223598,0.812991373951495,TRUE,FALSE
ME,zoop_max,1996-05-14,1996,135,132.26115173108445,0.5772537996271996,TRUE,FALSE
ME,zoop_max,1997-05-02,1997,122,120.58038028248976,0.8164154562155881,TRUE,FALSE
ME,zoop_max,1998-07-06,1998,187,224.10229844465238,0.4362571788130932,TRUE,FALSE
ME,zoop_max,1999-06-07,1999,158,153.25191771167096,0.6803083981455431,TRUE,FALSE
ME,zoop_max,2000-05-09,2000,130,137.03573095466797,0.5123244118999715,TRUE,FALSE
ME,zoop_max,2001-09-12,2001,255,143.82159241238853,0.6296501468101389,TRUE,FALSE
ME,zoop_max,2002-07-01,2002,182,180.031497473697,0.7498740701473435,TRUE,FALSE
ME,zoop_max,2003-06-23,2003,174,170.07968197826577,0.8644674367436433,TRUE,FALSE
ME,zoop_max,2004-04-28,2004,119,117.40134921813497,0.6578745032013953,TRUE,FALSE
ME,zoop_max,2005-05-09,2005,129,130.79059389337374,0.7782995855139576,TRUE,FALSE
ME,zoop_max,2006-05-02,2006,122,NA,NA,NA,NA
ME,zoop_max,2007-04-30,2007,120,121.18834018227057,0.8996080675533,TRUE,FALSE
ME,zoop_max,2008-09-05,2008,249,80.11456469415322,0.7820833335742073,FALSE,TRUE
ME,zoop_max,2009-08-19,2009,231,229.83374948633616,0.44093569114670395,TRUE,FALSE
ME,zoop_max,2010-05-10,2010,130,122.01071540918666,0.8793539503264459,TRUE,FALSE
ME,zoop_max,2011-05-17,2011,137,137.06864064578596,0.8472737205162032,TRUE,FALSE
ME,zoop_max,2012-05-29,2012,150,106.39611298136558,0.6223561152696481,TRUE,FALSE
ME,zoop_max,2013-05-28,2013,148,146.85641043741145,0.6010098283620702,TRUE,FALSE
ME,zoop_max,2014-05-28,2014,148,146.7081024632602,0.9486335796126186,TRUE,FALSE
ME,zoop_max,2015-05-27,2015,147,146.66869578364782,0.972038160278115,TRUE,FALSE
ME,zoop_max,2016-05-11,2016,132,130.50837660316162,0.7094489960180184,TRUE,FALSE
ME,zoop_max,2017-06-12,2017,163,160.8473459784497,0.7894456910607176,TRUE,FALSE
ME,zoop_max,2018-05-29,2018,149,147.07636077365095,0.9090436335298947,TRUE,FALSE
MO,zoop_max,1995-05-23,1995,143,157.17558252051836,0.9110016774609876,TRUE,FALSE
MO,zoop_max,1996-05-01,1996,122,119.00794245643529,0.7806442750268321,TRUE,FALSE
MO,zoop_max,1997-05-01,1997,121,120.82902735475469,0.9417994378764083,TRUE,FALSE
MO,zoop_max,1998-04-27,1998,117,114.39317063007967,0.36371865520998636,TRUE,FALSE
MO,zoop_max,1999-04-26,1999,116,111.37293035297964,0.7924617896054653,TRUE,FALSE
MO,zoop_max,2000-09-25,2000,269,15.269773537737585,0.5016616142798793,FALSE,TRUE
MO,zoop_max,2001-05-09,2001,129,132.05882194706447,0.9957310690855988,TRUE,FALSE
MO,zoop_max,2002-06-05,2002,156,156.47218194677365,0.7174197714171671,TRUE,FALSE
MO,zoop_max,2003-04-28,2003,118,116.75909983087541,0.9041276761980157,TRUE,FALSE
MO,zoop_max,2004-04-29,2004,120,120.39743330730576,0.7969150603887203,TRUE,FALSE
MO,zoop_max,2005-04-27,2005,117,115.08935258133916,0.8712743301818743,TRUE,FALSE
MO,zoop_max,2006-05-03,2006,123,130.59338073935936,0.9160074677247564,TRUE,FALSE
MO,zoop_max,2007-05-02,2007,122,120.56314887823996,0.8332576458908175,TRUE,FALSE
MO,zoop_max,2008-05-28,2008,149,146.78751528718368,0.7003598422964589,TRUE,FALSE
MO,zoop_max,2009-05-11,2009,131,130.04119540345243,0.9576600159806679,TRUE,FALSE
MO,zoop_max,2010-04-27,2010,117,115.52898278553012,0.9028075116571936,TRUE,FALSE
MO,zoop_max,2011-08-24,2011,236,208.79259885528512,0.6247894024215396,TRUE,FALSE
MO,zoop_max,2012-05-30,2012,151,147.469312514825,0.6516032555315695,TRUE,FALSE
MO,zoop_max,2013-07-22,2013,203,148.4367013544456,0.5267955329550404,FALSE,TRUE
MO,zoop_max,2014-05-28,2014,148,141.82530048650324,0.9516078543479147,TRUE,FALSE
MO,zoop_max,2015-05-13,2015,133,131.71648293770488,0.8457038543986166,TRUE,FALSE
MO,zoop_max,2016-05-23,2016,144,138.50639073263318,0.9615634590421355,TRUE,FALSE
MO,zoop_max,2017-05-04,2017,124,119.63362686434823,0.7786676939349684,TRUE,FALSE
MO,zoop_max,2018-05-15,2018,135,133.1912411544946,0.9793950142433014,TRUE,FALSE
SP,zoop_max,1982-05-27,1982,147,133.4753186248491,0.7188057706121462,TRUE,FALSE
SP,zoop_max,1983-10-17,1983,290,145.02115530680044,0.8855274013319816,TRUE,FALSE
SP,zoop_max,1984-07-05,1984,187,189.1223867580811,0.7990752319915245,TRUE,FALSE
SP,zoop_max,1985-05-29,1985,149,147.76388778122478,0.8678910898467451,TRUE,FALSE
SP,zoop_max,1986-07-14,1986,195,190.2484291252785,0.903429724087877,TRUE,FALSE
SP,zoop_max,1987-09-21,1987,264,263.5467105417367,0.8621241000977528,TRUE,FALSE
SP,zoop_max,1988-06-21,1988,173,171.66987036315106,0.6471268942725887,TRUE,FALSE
SP,zoop_max,1989-07-10,1989,191,191.29799965484074,0.9318315781931023,TRUE,FALSE
SP,zoop_max,1990-06-11,1990,162,NA,NA,NA,NA
SP,zoop_max,1991-08-28,1991,240,NA,NA,NA,NA
SP,zoop_max,1992-06-15,1992,167,NA,NA,NA,NA
SP,zoop_max,1993-08-23,1993,235,NA,NA,NA,NA
SP,zoop_max,1994-08-24,1994,236,NA,NA,NA,NA
SP,zoop_max,1995-06-14,1995,165,NA,NA,NA,NA
SP,zoop_max,1996-08-08,1996,221,NA,NA,NA,NA
SP,zoop_max,1997-06-18,1997,169,NA,NA,NA,NA
SP,zoop_max,1998-08-12,1998,224,NA,NA,NA,NA
SP,zoop_max,1999-08-23,1999,235,NA,NA,NA,NA
SP,zoop_max,2000-05-30,2000,151,NA,NA,NA,NA
SP,zoop_max,2001-07-09,2001,190,191.7008816527851,0.875035039299889,TRUE,FALSE
SP,zoop_max,2002-08-14,2002,226,235.9948569076884,0.84488736328925,TRUE,FALSE
SP,zoop_max,2003-07-07,2003,188,178.48074792769745,0.953617497061877,TRUE,FALSE
SP,zoop_max,2004-06-07,2004,159,156.4928622023109,0.9336865832855847,TRUE,FALSE
SP,zoop_max,2005-08-09,2005,221,218.5903868853647,0.781638769353751,TRUE,FALSE
SP,zoop_max,2006-07-12,2006,193,191.47986563746298,0.854012124181621,TRUE,FALSE
SP,zoop_max,2007-06-19,2007,170,181.99969013420332,0.6121067803162554,TRUE,FALSE
SP,zoop_max,2008-08-25,2008,238,193.31092472877293,0.9798171689491008,TRUE,FALSE
SP,zoop_max,2009-09-17,2009,260,250.67163623213162,0.9930529258015637,FALSE,TRUE
SP,zoop_max,2010-09-01,2010,244,247.1219178671849,0.9232002921362253,TRUE,FALSE
SP,zoop_max,2011-06-28,2011,179,178.90621382488544,0.966366640298926,TRUE,FALSE
SP,zoop_max,2012-06-27,2012,179,170.17869235902344,0.9725760269170357,TRUE,FALSE
SP,zoop_max,2013-07-08,2013,189,192.0663082868478,0.973870502905691,TRUE,FALSE
SP,zoop_max,2014-10-08,2014,281,283.1995663956678,0.6419521592054949,FALSE,TRUE
SP,zoop_max,2015-05-18,2015,138,146.44682556180558,0.961176359660197,TRUE,FALSE
SP,zoop_max,2016-06-20,2016,172,169.8914489654902,0.658389938364354,TRUE,FALSE
SP,zoop_max,2017-07-10,2017,191,191.9789911187296,0.9898425054968876,TRUE,FALSE
SP,zoop_max,2018-07-11,2018,192,198.3767232407588,0.7415915262915571,TRUE,FALSE
SP,zoop_max,2019-06-04,2019,155,165.08197056590896,0.9535691629953802,TRUE,FALSE
TB,zoop_max,1982-06-07,1982,158,NA,NA,NA,NA
TB,zoop_max,1983-08-17,1983,229,NA,NA,NA,NA
TB,zoop_max,1984-08-01,1984,214,NA,NA,NA,NA
TB,zoop_max,1985-04-29,1985,119,NA,NA,NA,NA
TB,zoop_max,1986-08-13,1986,225,NA,NA,NA,NA
TB,zoop_max,1987-08-12,1987,224,NA,NA,NA,NA
TB,zoop_max,1988-06-06,1988,158,157.8578302693962,0.696482630648819,TRUE,FALSE
TB,zoop_max,1989-08-08,1989,220,NA,NA,NA,NA
TB,zoop_max,1990-08-22,1990,234,NA,NA,NA,NA
TB,zoop_max,1991-08-26,1991,238,NA,NA,NA,NA
TB,zoop_max,1992-08-27,1992,240,NA,NA,NA,NA
TB,zoop_max,1993-08-23,1993,235,NA,NA,NA,NA
TB,zoop_max,1994-08-22,1994,234,NA,NA,NA,NA
TB,zoop_max,1995-08-21,1995,233,NA,NA,NA,NA
TB,zoop_max,1996-08-06,1996,219,NA,NA,NA,NA
TB,zoop_max,1997-08-25,1997,237,NA,NA,NA,NA
TB,zoop_max,1998-08-10,1998,222,NA,NA,NA,NA
TB,zoop_max,1999-07-01,1999,182,NA,NA,NA,NA
TB,zoop_max,2000-04-05,2000,96,NA,NA,NA,NA
TB,zoop_max,2001-06-25,2001,176,NA,NA,NA,NA
TB,zoop_max,2002-08-12,2002,224,NA,NA,NA,NA
TB,zoop_max,2003-06-24,2003,175,173.6477389496447,0.9338762706606851,TRUE,FALSE
TB,zoop_max,2004-07-19,2004,201,187.8404301072257,0.9647850394340165,TRUE,FALSE
TB,zoop_max,2005-07-11,2005,192,182.9345674202432,0.8896754353879013,TRUE,FALSE
TB,zoop_max,2006-06-12,2006,163,164.06318186243806,0.862115530899424,TRUE,FALSE
TB,zoop_max,2007-10-09,2007,282,153.02459958130564,0.4937928164469403,TRUE,TRUE
TB,zoop_max,2008-06-30,2008,182,182.59134542304716,0.8687357437762083,TRUE,FALSE
TB,zoop_max,2009-06-22,2009,173,173.36831310062462,0.7914291041242412,TRUE,FALSE
TB,zoop_max,2010-06-10,2010,161,163.79516776834797,0.9076801512576854,TRUE,FALSE
TB,zoop_max,2011-06-27,2011,178,NA,NA,NA,NA
TB,zoop_max,2012-05-02,2012,123,123.12240339182077,0.7595028506722774,TRUE,FALSE
TB,zoop_max,2013-07-10,2013,191,191.65315607934525,0.8591840734075871,TRUE,FALSE
TB,zoop_max,2014-06-16,2014,167,166.06802638573603,0.9753252505865846,TRUE,FALSE
TB,zoop_max,2015-06-17,2015,168,167.62750562327545,0.9557294784184905,TRUE,FALSE
TB,zoop_max,2016-07-18,2016,200,208.35133425304636,0.8358091456417516,TRUE,FALSE
TB,zoop_max,2017-07-10,2017,191,187.93065414782123,0.8937983288322039,TRUE,FALSE
TB,zoop_max,2018-06-12,2018,163,NA,NA,NA,NA
TB,zoop_max,2019-09-24,2019,267,288.65551613445933,0.8369654765910323,FALSE,TRUE
TR,zoop_max,1982-08-03,1982,215,221.21587260819703,0.34026978066771285,TRUE,FALSE
TR,zoop_max,1983-07-06,1983,187,175.76478802042735,0.7254244097825724,TRUE,FALSE
TR,zoop_max,1984-09-04,1984,248,214.90061026811816,0.972488133785821,FALSE,TRUE
TR,zoop_max,1985-06-26,1985,177,178.37388773664307,0.9607955101178206,TRUE,FALSE
TR,zoop_max,1986-10-06,1986,279,277.0878289091482,0.6916703531065922,FALSE,TRUE
TR,zoop_max,1987-09-09,1987,252,175.76344845245208,0.6529294953887964,TRUE,FALSE
TR,zoop_max,1988-06-21,1988,173,175.39184839646822,0.9067760724711615,TRUE,FALSE
TR,zoop_max,1989-06-12,1989,163,NA,NA,NA,NA
TR,zoop_max,1990-06-11,1990,162,NA,NA,NA,NA
TR,zoop_max,1991-08-28,1991,240,NA,NA,NA,NA
TR,zoop_max,1992-06-16,1992,168,NA,NA,NA,NA
TR,zoop_max,1993-08-25,1993,237,NA,NA,NA,NA
TR,zoop_max,1994-05-04,1994,124,NA,NA,NA,NA
TR,zoop_max,1995-06-14,1995,165,NA,NA,NA,NA
TR,zoop_max,1996-08-05,1996,218,NA,NA,NA,NA
TR,zoop_max,1997-08-26,1997,238,NA,NA,NA,NA
TR,zoop_max,1998-06-16,1998,167,NA,NA,NA,NA
TR,zoop_max,1999-06-29,1999,180,NA,NA,NA,NA
TR,zoop_max,2000-05-31,2000,152,NA,NA,NA,NA
TR,zoop_max,2001-06-14,2001,165,164.49573850142693,0.8785826717731099,TRUE,FALSE
TR,zoop_max,2002-05-21,2002,141,138.95762163992083,0.7751052954856419,TRUE,FALSE
TR,zoop_max,2003-06-24,2003,175,175.5031597673191,0.9580301040387199,TRUE,FALSE
TR,zoop_max,2004-09-21,2004,265,262.8874991159301,0.5738323487911026,TRUE,FALSE
TR,zoop_max,2005-05-17,2005,137,140.31668445091347,0.890703770819536,TRUE,FALSE
TR,zoop_max,2006-07-10,2006,191,184.7456126015743,0.4136624009042834,TRUE,FALSE
TR,zoop_max,2007-10-11,2007,284,287.9994248280219,0.7734591251554744,TRUE,TRUE
TR,zoop_max,2008-06-04,2008,156,158.19039492982,0.9885679322553638,TRUE,FALSE
TR,zoop_max,2009-09-15,2009,258,NA,NA,NA,NA
TR,zoop_max,2010-06-09,2010,160,161.83898646902634,0.942157524209889,TRUE,FALSE
TR,zoop_max,2011-07-28,2011,209,202.31436290357343,0.8970762711063278,TRUE,FALSE
TR,zoop_max,2012-06-25,2012,177,163.6277207595744,0.9165079194389072,TRUE,FALSE
TR,zoop_max,2013-07-09,2013,190,NA,NA,NA,NA
TR,zoop_max,2014-09-11,2014,254,NA,NA,NA,NA
TR,zoop_max,2015-06-18,2015,169,170.1146998190479,0.8615202640312131,TRUE,FALSE
TR,zoop_max,2016-05-26,2016,147,158.60952097012822,0.6093936364503738,TRUE,FALSE
TR,zoop_max,2017-06-16,2017,167,166.95927445422072,0.7538819980532037,TRUE,FALSE
TR,zoop_max,2018-07-12,2018,193,191.14753856789255,0.8098975865225962,TRUE,FALSE
TR,zoop_max,2019-07-03,2019,184,186.377749175663,0.925920612090496,TRUE,FALSE
WI,zoop_max,2007-07-11,2007,192,NA,NA,NA,NA
WI,zoop_max,2008-07-09,2008,191,NA,NA,NA,NA
WI,zoop_max,2009-07-07,2009,188,NA,NA,NA,NA
WI,zoop_max,2010-04-14,2010,104,NA,NA,NA,NA
WI,zoop_max,2011-08-10,2011,222,NA,NA,NA,NA
WI,zoop_max,2012-08-08,2012,221,NA,NA,NA,NA
WI,zoop_max,2013-06-12,2013,163,NA,NA,NA,NA
WI,zoop_max,2014-05-02,2014,122,NA,NA,NA,NA
WI,zoop_max,2015-06-11,2015,162,NA,NA,NA,NA
WI,zoop_max,2016-07-07,2016,189,NA,NA,NA,NA
WI,zoop_max,2017-08-09,2017,221,NA,NA,NA,NA
WI,zoop_max,2018-04-26,2018,116,NA,NA,NA,NA
AL,zoop_springmax,1982-06-09,1982,160,NA,NA,NA,NA
AL,zoop_springmax,1983-06-22,1983,173,NA,NA,NA,NA
AL,zoop_springmax,1984-05-09,1984,130,NA,NA,NA,NA
AL,zoop_springmax,1985-04-30,1985,120,NA,NA,NA,NA
AL,zoop_springmax,1986-07-02,1986,183,NA,NA,NA,NA
AL,zoop_springmax,1987-06-11,1987,162,NA,NA,NA,NA
AL,zoop_springmax,1988-06-20,1988,172,NA,NA,NA,NA
AL,zoop_springmax,1989-05-01,1989,121,NA,NA,NA,NA
AL,zoop_springmax,1990-04-30,1990,120,NA,NA,NA,NA
AL,zoop_springmax,1991-05-07,1991,127,NA,NA,NA,NA
AL,zoop_springmax,1992-06-19,1992,171,NA,NA,NA,NA
AL,zoop_springmax,1993-06-04,1993,155,NA,NA,NA,NA
AL,zoop_springmax,1994-06-13,1994,164,NA,NA,NA,NA
AL,zoop_springmax,1995-06-12,1995,163,NA,NA,NA,NA
AL,zoop_springmax,1996-06-12,1996,164,NA,NA,NA,NA
AL,zoop_springmax,1997-06-16,1997,167,NA,NA,NA,NA
AL,zoop_springmax,1998-06-17,1998,168,NA,NA,NA,NA
AL,zoop_springmax,1999-05-06,1999,126,NA,NA,NA,NA
AL,zoop_springmax,2000-06-02,2000,154,NA,NA,NA,NA
AL,zoop_springmax,2001-05-01,2001,121,NA,NA,NA,NA
AL,zoop_springmax,2002-05-20,2002,140,NA,NA,NA,NA
AL,zoop_springmax,2003-05-29,2003,149,NA,NA,NA,NA
AL,zoop_springmax,2004-05-24,2004,145,NA,NA,NA,NA
AL,zoop_springmax,2005-07-11,2005,192,NA,NA,NA,NA
AL,zoop_springmax,2006-05-16,2006,136,NA,NA,NA,NA
AL,zoop_springmax,2007-04-23,2007,113,NA,NA,NA,NA
AL,zoop_springmax,2008-06-02,2008,154,NA,NA,NA,NA
AL,zoop_springmax,2009-04-27,2009,117,NA,NA,NA,NA
AL,zoop_springmax,2010-04-12,2010,102,NA,NA,NA,NA
AL,zoop_springmax,2011-06-27,2011,178,NA,NA,NA,NA
AL,zoop_springmax,2012-06-26,2012,178,NA,NA,NA,NA
AL,zoop_springmax,2013-07-11,2013,192,NA,NA,NA,NA
AL,zoop_springmax,2014-05-20,2014,140,NA,NA,NA,NA
AL,zoop_springmax,2015-07-13,2015,194,NA,NA,NA,NA
AL,zoop_springmax,2016-06-20,2016,172,NA,NA,NA,NA
AL,zoop_springmax,2017-07-12,2017,193,NA,NA,NA,NA
AL,zoop_springmax,2018-06-11,2018,162,NA,NA,NA,NA
AL,zoop_springmax,2019-06-03,2019,154,NA,NA,NA,NA
BM,zoop_springmax,1982-05-25,1982,145,NA,NA,NA,NA
BM,zoop_springmax,1983-06-06,1983,157,156.72602418731185,0.37509862752514855,TRUE,FALSE
BM,zoop_springmax,1984-05-07,1984,128,NA,NA,NA,NA
BM,zoop_springmax,1985-05-30,1985,150,149.4812447166614,0.9828354123369575,TRUE,FALSE
BM,zoop_springmax,1986-05-08,1986,128,130.6771490908501,0.9763945677249528,TRUE,FALSE
BM,zoop_springmax,1987-07-14,1987,195,113.66087669683266,0.8215389840864203,FALSE,TRUE
BM,zoop_springmax,1988-05-11,1988,132,131.263172027635,0.9561124692059444,TRUE,FALSE
BM,zoop_springmax,1989-05-31,1989,151,150.059858536842,0.9596701701149809,TRUE,FALSE
BM,zoop_springmax,1990-05-01,1990,121,NA,NA,NA,NA
BM,zoop_springmax,1991-05-06,1991,126,NA,NA,NA,NA
BM,zoop_springmax,1992-05-05,1992,126,NA,NA,NA,NA
BM,zoop_springmax,1993-06-15,1993,166,NA,NA,NA,NA
BM,zoop_springmax,1994-05-06,1994,126,NA,NA,NA,NA
BM,zoop_springmax,1995-05-03,1995,123,NA,NA,NA,NA
BM,zoop_springmax,1996-06-10,1996,162,NA,NA,NA,NA
BM,zoop_springmax,1997-06-17,1997,168,NA,NA,NA,NA
BM,zoop_springmax,1998-04-23,1998,113,NA,NA,NA,NA
BM,zoop_springmax,1999-06-28,1999,179,NA,NA,NA,NA
BM,zoop_springmax,2000-04-05,2000,96,NA,NA,NA,NA
BM,zoop_springmax,2001-05-04,2001,124,NA,NA,NA,NA
BM,zoop_springmax,2002-05-20,2002,140,NA,NA,NA,NA
BM,zoop_springmax,2003-05-30,2003,150,NA,NA,NA,NA
BM,zoop_springmax,2004-05-25,2004,146,NA,NA,NA,NA
BM,zoop_springmax,2005-07-12,2005,193,NA,NA,NA,NA
BM,zoop_springmax,2006-05-19,2006,139,139.38989825409314,0.6972667241783985,TRUE,FALSE
BM,zoop_springmax,2007-05-22,2007,142,NA,NA,NA,NA
BM,zoop_springmax,2008-06-03,2008,155,NA,NA,NA,NA
BM,zoop_springmax,2009-04-29,2009,119,NA,NA,NA,NA
BM,zoop_springmax,2010-05-10,2010,130,NA,NA,NA,NA
BM,zoop_springmax,2011-05-05,2011,125,NA,NA,NA,NA
BM,zoop_springmax,2012-04-30,2012,121,NA,NA,NA,NA
BM,zoop_springmax,2013-07-08,2013,189,NA,NA,NA,NA
BM,zoop_springmax,2014-06-16,2014,167,NA,NA,NA,NA
BM,zoop_springmax,2015-05-19,2015,139,NA,NA,NA,NA
BM,zoop_springmax,2016-05-23,2016,144,NA,NA,NA,NA
BM,zoop_springmax,2017-05-16,2017,136,NA,NA,NA,NA
BM,zoop_springmax,2018-06-13,2018,164,NA,NA,NA,NA
BM,zoop_springmax,2019-06-03,2019,154,NA,NA,NA,NA
CB,zoop_springmax,1982-07-06,1982,187,NA,NA,NA,NA
CB,zoop_springmax,1983-07-07,1983,188,189.78283410759516,0.9707910332405602,TRUE,FALSE
CB,zoop_springmax,1984-05-10,1984,131,117.44005114939408,0.9166741885600624,TRUE,FALSE
CB,zoop_springmax,1985-06-25,1985,176,180.1769934070487,0.6844891900878567,FALSE,TRUE
CB,zoop_springmax,1986-07-14,1986,195,190.60711440925797,0.9572641253745439,FALSE,TRUE
CB,zoop_springmax,1987-06-03,1987,154,NA,NA,NA,NA
CB,zoop_springmax,1988-06-22,1988,174,NA,NA,NA,NA
CB,zoop_springmax,1989-06-14,1989,165,NA,NA,NA,NA
CB,zoop_springmax,1990-06-11,1990,162,NA,NA,NA,NA
CB,zoop_springmax,1991-06-17,1991,168,NA,NA,NA,NA
CB,zoop_springmax,1992-06-16,1992,168,NA,NA,NA,NA
CB,zoop_springmax,1993-06-15,1993,166,NA,NA,NA,NA
CB,zoop_springmax,1994-06-14,1994,165,NA,NA,NA,NA
CB,zoop_springmax,1995-06-12,1995,163,NA,NA,NA,NA
CB,zoop_springmax,1996-06-13,1996,165,NA,NA,NA,NA
CB,zoop_springmax,1997-05-07,1997,127,NA,NA,NA,NA
CB,zoop_springmax,1998-04-20,1998,110,NA,NA,NA,NA
CB,zoop_springmax,1999-06-30,1999,181,NA,NA,NA,NA
CB,zoop_springmax,2000-06-14,2000,166,162.98940389934154,0.9728799244963512,TRUE,FALSE
CB,zoop_springmax,2001-06-26,2001,177,49.588568062915854,0.9781693976860015,FALSE,TRUE
CB,zoop_springmax,2002-06-18,2002,169,NA,NA,NA,NA
CB,zoop_springmax,2003-05-27,2003,147,NA,NA,NA,NA
CB,zoop_springmax,2004-06-23,2004,175,NA,NA,NA,NA
CB,zoop_springmax,2005-06-15,2005,166,NA,NA,NA,NA
CB,zoop_springmax,2006-07-12,2006,193,NA,NA,NA,NA
CB,zoop_springmax,2007-06-18,2007,169,NA,NA,NA,NA
CB,zoop_springmax,2008-05-20,2008,141,NA,NA,NA,NA
CB,zoop_springmax,2009-05-27,2009,147,NA,NA,NA,NA
CB,zoop_springmax,2010-07-06,2010,187,NA,NA,NA,NA
CB,zoop_springmax,2011-06-29,2011,180,NA,NA,NA,NA
CB,zoop_springmax,2012-05-30,2012,151,NA,NA,NA,NA
CB,zoop_springmax,2013-07-09,2013,190,NA,NA,NA,NA
CB,zoop_springmax,2014-07-15,2014,196,NA,NA,NA,NA
CB,zoop_springmax,2015-06-16,2015,167,NA,NA,NA,NA
CB,zoop_springmax,2016-05-25,2016,146,NA,NA,NA,NA
CB,zoop_springmax,2017-07-11,2017,192,NA,NA,NA,NA
CB,zoop_springmax,2018-07-09,2018,190,NA,NA,NA,NA
CB,zoop_springmax,2019-07-01,2019,182,NA,NA,NA,NA
CR,zoop_springmax,1982-06-07,1982,158,NA,NA,NA,NA
CR,zoop_springmax,1983-05-23,1983,143,142.76681285969715,0.9839711079540439,TRUE,FALSE
CR,zoop_springmax,1984-05-23,1984,144,145.33510410057087,0.8767603882911442,TRUE,FALSE
CR,zoop_springmax,1985-05-15,1985,135,134.34482861393002,0.8996006092729159,TRUE,FALSE
CR,zoop_springmax,1986-05-22,1986,142,142.3766091917536,0.9798790357639536,TRUE,FALSE
CR,zoop_springmax,1987-05-20,1987,140,134.16546261528725,0.9704966914222461,TRUE,FALSE
CR,zoop_springmax,1988-07-06,1988,188,194.24880340868128,0.9945520862951639,FALSE,TRUE
CR,zoop_springmax,1989-07-12,1989,193,193.5373417850489,0.9917393466251062,FALSE,TRUE
CR,zoop_springmax,1990-05-16,1990,136,136.03731724761934,0.8643886077105674,TRUE,FALSE
CR,zoop_springmax,1991-05-08,1991,128,128.27665880792574,0.6292367011408051,TRUE,TRUE
CR,zoop_springmax,1992-05-18,1992,139,146.7396530311807,0.9734538194950905,TRUE,FALSE
CR,zoop_springmax,1993-05-19,1993,139,140.00436526877897,0.7794677865438568,TRUE,FALSE
CR,zoop_springmax,1994-07-14,1994,195,154.01409333587515,0.4888405602775844,TRUE,FALSE
CR,zoop_springmax,1995-07-13,1995,194,197.67136078078343,0.9089484356375637,FALSE,TRUE
CR,zoop_springmax,1996-06-11,1996,163,NA,NA,NA,NA
CR,zoop_springmax,1997-06-16,1997,167,NA,NA,NA,NA
CR,zoop_springmax,1998-06-15,1998,166,NA,NA,NA,NA
CR,zoop_springmax,1999-05-05,1999,125,NA,NA,NA,NA
CR,zoop_springmax,2000-06-01,2000,153,NA,NA,NA,NA
CR,zoop_springmax,2001-06-01,2001,152,154.1034454725474,0.8999019234270098,TRUE,FALSE
CR,zoop_springmax,2002-05-23,2002,143,NA,NA,NA,NA
CR,zoop_springmax,2003-06-26,2003,177,NA,NA,NA,NA
CR,zoop_springmax,2004-05-27,2004,148,NA,NA,NA,NA
CR,zoop_springmax,2005-07-14,2005,195,NA,NA,NA,NA
CR,zoop_springmax,2006-07-13,2006,194,NA,NA,NA,NA
CR,zoop_springmax,2007-06-21,2007,172,NA,NA,NA,NA
CR,zoop_springmax,2008-06-04,2008,156,NA,NA,NA,NA
CR,zoop_springmax,2009-04-28,2009,118,NA,NA,NA,NA
CR,zoop_springmax,2010-06-09,2010,160,NA,NA,NA,NA
CR,zoop_springmax,2011-07-14,2011,195,194.2360136496903,0.8488981446419381,TRUE,FALSE
CR,zoop_springmax,2012-06-01,2012,153,148.9282278114365,0.9386183184535152,TRUE,FALSE
CR,zoop_springmax,2013-06-27,2013,178,139.6665953790857,0.9292635789205005,FALSE,TRUE
CR,zoop_springmax,2014-06-18,2014,169,NA,NA,NA,NA
CR,zoop_springmax,2015-07-13,2015,194,NA,NA,NA,NA
CR,zoop_springmax,2016-05-25,2016,146,NA,NA,NA,NA
CR,zoop_springmax,2017-05-17,2017,137,NA,NA,NA,NA
CR,zoop_springmax,2018-07-10,2018,191,NA,NA,NA,NA
CR,zoop_springmax,2019-06-05,2019,156,NA,NA,NA,NA
FI,zoop_springmax,1997-06-24,1997,175,NA,NA,NA,NA
FI,zoop_springmax,1999-05-24,1999,144,141.6165890066574,0.9816046651240904,TRUE,FALSE
FI,zoop_springmax,2000-04-26,2000,117,117.53438093989854,0.8509482445709247,TRUE,TRUE
FI,zoop_springmax,2002-07-02,2002,183,NA,NA,NA,NA
FI,zoop_springmax,2007-04-20,2007,110,NA,NA,NA,NA
FI,zoop_springmax,2008-04-18,2008,109,NA,NA,NA,NA
FI,zoop_springmax,2009-04-22,2009,112,NA,NA,NA,NA
FI,zoop_springmax,2010-04-16,2010,106,NA,NA,NA,NA
FI,zoop_springmax,2011-05-19,2011,139,NA,NA,NA,NA
FI,zoop_springmax,2012-06-14,2012,166,NA,NA,NA,NA
FI,zoop_springmax,2013-05-08,2013,128,NA,NA,NA,NA
FI,zoop_springmax,2014-06-11,2014,162,NA,NA,NA,NA
FI,zoop_springmax,2015-06-10,2015,161,NA,NA,NA,NA
FI,zoop_springmax,2016-06-06,2016,158,NA,NA,NA,NA
FI,zoop_springmax,2017-04-20,2017,110,NA,NA,NA,NA
FI,zoop_springmax,2018-04-25,2018,115,NA,NA,NA,NA
ME,zoop_springmax,1995-07-06,1995,187,NA,NA,NA,NA
ME,zoop_springmax,1996-05-14,1996,135,131.65220616684803,0.44804507468486965,TRUE,FALSE
ME,zoop_springmax,1997-05-02,1997,122,121.73625367291109,0.761301006488373,TRUE,FALSE
ME,zoop_springmax,1998-07-06,1998,187,188.89799467831858,0.4168488697558759,FALSE,TRUE
ME,zoop_springmax,1999-06-07,1999,158,151.9791425322209,0.7123841810306784,TRUE,FALSE
ME,zoop_springmax,2000-05-09,2000,130,135.37796385067293,0.7944888160962205,TRUE,FALSE
ME,zoop_springmax,2001-05-07,2001,127,126.9149912351255,0.8874259723610748,TRUE,FALSE
ME,zoop_springmax,2002-07-01,2002,182,180.30177069158168,0.6377203373925542,TRUE,FALSE
ME,zoop_springmax,2003-06-23,2003,174,173.5899696936683,0.8954050543251116,FALSE,TRUE
ME,zoop_springmax,2004-04-28,2004,119,117.31293423051237,0.6595568306583028,TRUE,FALSE
ME,zoop_springmax,2005-05-09,2005,129,130.4501936444932,0.957661422586855,TRUE,FALSE
ME,zoop_springmax,2006-05-02,2006,122,NA,NA,NA,NA
ME,zoop_springmax,2007-04-30,2007,120,120.16945997853406,0.8512688078680016,TRUE,FALSE
ME,zoop_springmax,2008-06-09,2008,161,159.05397503805537,0.8379602211542387,TRUE,FALSE
ME,zoop_springmax,2009-05-11,2009,131,132.3611263563152,0.9329405900728034,TRUE,FALSE
ME,zoop_springmax,2010-05-10,2010,130,125.04765130351505,0.8922122188256716,TRUE,FALSE
ME,zoop_springmax,2011-05-17,2011,137,136.29619500418409,0.9582261765231573,TRUE,FALSE
ME,zoop_springmax,2012-05-29,2012,150,104.74455815703102,0.46499486841467774,TRUE,FALSE
ME,zoop_springmax,2013-05-28,2013,148,145.47513220407856,0.7332748661073407,TRUE,FALSE
ME,zoop_springmax,2014-05-28,2014,148,147.66846955669067,0.980872179537099,TRUE,FALSE
ME,zoop_springmax,2015-05-27,2015,147,146.6945996085873,0.9764485208885494,TRUE,FALSE
ME,zoop_springmax,2016-05-11,2016,132,129.36748634747585,0.7868871678747387,TRUE,FALSE
ME,zoop_springmax,2017-06-12,2017,163,162.2945104445205,0.6752358180095319,TRUE,FALSE
ME,zoop_springmax,2018-05-29,2018,149,148.02374318215178,0.976714051685414,TRUE,FALSE
MO,zoop_springmax,1995-05-23,1995,143,146.9638185241517,0.9869930430011308,TRUE,FALSE
MO,zoop_springmax,1996-05-01,1996,122,122.89939304203492,0.7885233216137231,TRUE,FALSE
MO,zoop_springmax,1997-05-01,1997,121,120.50456598857647,0.8807262730960104,TRUE,FALSE
MO,zoop_springmax,1998-04-27,1998,117,114.35774700287722,0.3848066295650223,TRUE,FALSE
MO,zoop_springmax,1999-04-26,1999,116,111.07145801119715,0.7318893716636887,TRUE,FALSE
MO,zoop_springmax,2000-04-25,2000,116,119.92079029827389,0.9634574309417586,TRUE,FALSE
MO,zoop_springmax,2001-05-09,2001,129,132.15091526751976,0.9952232064239208,TRUE,FALSE
MO,zoop_springmax,2002-06-05,2002,156,156.62850574825654,0.9409218806089282,TRUE,FALSE
MO,zoop_springmax,2003-04-28,2003,118,117.96208844083299,0.7980119463953128,TRUE,FALSE
MO,zoop_springmax,2004-04-29,2004,120,120.37922327092207,0.8973204780740673,TRUE,FALSE
MO,zoop_springmax,2005-04-27,2005,117,120.34014940359671,0.8435825513997158,TRUE,FALSE
MO,zoop_springmax,2006-05-03,2006,123,125.92500714398092,0.9948362197006101,TRUE,FALSE
MO,zoop_springmax,2007-05-02,2007,122,123.74025498931472,0.8747255288201427,TRUE,FALSE
MO,zoop_springmax,2008-05-28,2008,149,146.86743882988748,0.9519397783696841,TRUE,FALSE
MO,zoop_springmax,2009-05-11,2009,131,130.1368322133774,0.978757343852248,TRUE,FALSE
MO,zoop_springmax,2010-04-27,2010,117,116.27268982697447,0.9352928261231749,TRUE,FALSE
MO,zoop_springmax,2011-05-17,2011,137,137.84119143675767,0.9894323308815003,TRUE,FALSE
MO,zoop_springmax,2012-05-30,2012,151,147.09127903856904,0.7837352382269174,TRUE,FALSE
MO,zoop_springmax,2013-05-15,2013,135,139.24380530624535,0.8207285523209954,TRUE,FALSE
MO,zoop_springmax,2014-05-28,2014,148,142.45687576489647,0.9283208886957044,TRUE,FALSE
MO,zoop_springmax,2015-05-13,2015,133,131.6906747046744,0.8219983248652895,TRUE,FALSE
MO,zoop_springmax,2016-05-23,2016,144,138.61582033894956,0.9508270695485254,TRUE,FALSE
MO,zoop_springmax,2017-05-04,2017,124,119.27366600580378,0.7636962375121344,TRUE,FALSE
MO,zoop_springmax,2018-05-15,2018,135,133.41816804587046,0.9833920831367,TRUE,FALSE
SP,zoop_springmax,1982-05-27,1982,147,NA,NA,NA,NA
SP,zoop_springmax,1983-06-21,1983,172,NA,NA,NA,NA
SP,zoop_springmax,1984-07-05,1984,187,NA,NA,NA,NA
SP,zoop_springmax,1985-05-29,1985,149,147.77733770231123,0.9627476937624418,TRUE,FALSE
SP,zoop_springmax,1986-07-14,1986,195,194.5282305189689,0.960815734773797,TRUE,TRUE
SP,zoop_springmax,1987-07-13,1987,194,193.34373827670447,0.9398306218412272,FALSE,TRUE
SP,zoop_springmax,1988-06-21,1988,173,169.39966406718875,0.9667724549704002,TRUE,FALSE
SP,zoop_springmax,1989-07-10,1989,191,185.64060615132854,0.985527210946123,FALSE,TRUE
SP,zoop_springmax,1990-06-11,1990,162,NA,NA,NA,NA
SP,zoop_springmax,1991-05-07,1991,127,NA,NA,NA,NA
SP,zoop_springmax,1992-06-15,1992,167,NA,NA,NA,NA
SP,zoop_springmax,1993-06-14,1993,165,NA,NA,NA,NA
SP,zoop_springmax,1994-06-15,1994,166,NA,NA,NA,NA
SP,zoop_springmax,1995-06-14,1995,165,NA,NA,NA,NA
SP,zoop_springmax,1996-06-10,1996,162,NA,NA,NA,NA
SP,zoop_springmax,1997-06-18,1997,169,NA,NA,NA,NA
SP,zoop_springmax,1998-06-15,1998,166,NA,NA,NA,NA
SP,zoop_springmax,1999-07-01,1999,182,NA,NA,NA,NA
SP,zoop_springmax,2000-05-30,2000,151,NA,NA,NA,NA
SP,zoop_springmax,2001-07-09,2001,190,184.8947056278654,0.9705216921224098,FALSE,TRUE
SP,zoop_springmax,2002-06-19,2002,170,1.1903339627802525,0.6062232690077937,FALSE,TRUE
SP,zoop_springmax,2003-07-07,2003,188,183.06480177073635,0.9954673283907703,TRUE,TRUE
SP,zoop_springmax,2004-06-07,2004,159,157.8573873000726,0.9855886747277934,TRUE,FALSE
SP,zoop_springmax,2005-07-12,2005,193,NA,NA,NA,NA
SP,zoop_springmax,2006-07-12,2006,193,189.19598095551083,0.8019341792900636,TRUE,TRUE
SP,zoop_springmax,2007-06-19,2007,170,NA,NA,NA,NA
SP,zoop_springmax,2008-07-01,2008,183,NA,NA,NA,NA
SP,zoop_springmax,2009-05-27,2009,147,NA,NA,NA,NA
SP,zoop_springmax,2010-07-06,2010,187,NA,NA,NA,NA
SP,zoop_springmax,2011-06-28,2011,179,NA,NA,NA,NA
SP,zoop_springmax,2012-06-27,2012,179,NA,NA,NA,NA
SP,zoop_springmax,2013-07-08,2013,189,NA,NA,NA,NA
SP,zoop_springmax,2014-07-14,2014,195,NA,NA,NA,NA
SP,zoop_springmax,2015-05-18,2015,138,NA,NA,NA,NA
SP,zoop_springmax,2016-06-20,2016,172,NA,NA,NA,NA
SP,zoop_springmax,2017-07-10,2017,191,NA,NA,NA,NA
SP,zoop_springmax,2018-07-11,2018,192,NA,NA,NA,NA
SP,zoop_springmax,2019-06-04,2019,155,NA,NA,NA,NA
TB,zoop_springmax,1982-06-07,1982,158,NA,NA,NA,NA
TB,zoop_springmax,1983-06-23,1983,174,NA,NA,NA,NA
TB,zoop_springmax,1984-06-19,1984,171,NA,NA,NA,NA
TB,zoop_springmax,1985-04-29,1985,119,NA,NA,NA,NA
TB,zoop_springmax,1986-06-16,1986,167,NA,NA,NA,NA
TB,zoop_springmax,1987-04-13,1987,103,NA,NA,NA,NA
TB,zoop_springmax,1988-06-06,1988,158,158.74751098262482,0.9937109868640331,TRUE,FALSE
TB,zoop_springmax,1989-06-14,1989,165,NA,NA,NA,NA
TB,zoop_springmax,1990-06-12,1990,163,NA,NA,NA,NA
TB,zoop_springmax,1991-06-18,1991,169,NA,NA,NA,NA
TB,zoop_springmax,1992-06-15,1992,167,NA,NA,NA,NA
TB,zoop_springmax,1993-06-14,1993,165,NA,NA,NA,NA
TB,zoop_springmax,1994-05-03,1994,123,NA,NA,NA,NA
TB,zoop_springmax,1995-06-13,1995,164,NA,NA,NA,NA
TB,zoop_springmax,1997-06-19,1997,170,NA,NA,NA,NA
TB,zoop_springmax,1998-06-17,1998,168,NA,NA,NA,NA
TB,zoop_springmax,1999-07-01,1999,182,NA,NA,NA,NA
TB,zoop_springmax,2000-04-05,2000,96,NA,NA,NA,NA
TB,zoop_springmax,2001-06-25,2001,176,NA,NA,NA,NA
TB,zoop_springmax,2002-05-22,2002,142,NA,NA,NA,NA
TB,zoop_springmax,2003-06-24,2003,175,NA,NA,NA,NA
TB,zoop_springmax,2004-06-21,2004,173,NA,NA,NA,NA
TB,zoop_springmax,2005-07-11,2005,192,NA,NA,NA,NA
TB,zoop_springmax,2006-06-12,2006,163,NA,NA,NA,NA
TB,zoop_springmax,2007-05-22,2007,142,NA,NA,NA,NA
TB,zoop_springmax,2008-06-30,2008,182,NA,NA,NA,NA
TB,zoop_springmax,2009-06-22,2009,173,NA,NA,NA,NA
TB,zoop_springmax,2010-06-10,2010,161,NA,NA,NA,NA
TB,zoop_springmax,2011-06-27,2011,178,NA,NA,NA,NA
TB,zoop_springmax,2012-05-02,2012,123,NA,NA,NA,NA
TB,zoop_springmax,2013-07-10,2013,191,NA,NA,NA,NA
TB,zoop_springmax,2014-06-16,2014,167,NA,NA,NA,NA
TB,zoop_springmax,2015-06-17,2015,168,NA,NA,NA,NA
TB,zoop_springmax,2016-06-22,2016,174,NA,NA,NA,NA
TB,zoop_springmax,2017-07-10,2017,191,NA,NA,NA,NA
TB,zoop_springmax,2018-06-12,2018,163,NA,NA,NA,NA
TB,zoop_springmax,2019-06-04,2019,155,NA,NA,NA,NA
TR,zoop_springmax,1982-05-13,1982,133,NA,NA,NA,NA
TR,zoop_springmax,1983-07-06,1983,187,194.26607526327666,0.8153938982620972,FALSE,TRUE
TR,zoop_springmax,1984-07-05,1984,187,NA,NA,NA,NA
TR,zoop_springmax,1985-06-26,1985,177,NA,NA,NA,NA
TR,zoop_springmax,1986-06-17,1986,168,166.51624260216235,0.5154853204657015,TRUE,FALSE
TR,zoop_springmax,1987-06-12,1987,163,167.46999485365598,0.9817739866421663,TRUE,FALSE
TR,zoop_springmax,1988-06-21,1988,173,174.81756880937593,0.9635211514419241,TRUE,FALSE
TR,zoop_springmax,1989-06-12,1989,163,NA,NA,NA,NA
TR,zoop_springmax,1990-06-11,1990,162,NA,NA,NA,NA
TR,zoop_springmax,1991-05-08,1991,128,NA,NA,NA,NA
TR,zoop_springmax,1992-06-16,1992,168,NA,NA,NA,NA
TR,zoop_springmax,1993-05-10,1993,130,NA,NA,NA,NA
TR,zoop_springmax,1994-05-04,1994,124,NA,NA,NA,NA
TR,zoop_springmax,1995-06-14,1995,165,NA,NA,NA,NA
TR,zoop_springmax,1996-06-11,1996,163,NA,NA,NA,NA
TR,zoop_springmax,1997-06-17,1997,168,NA,NA,NA,NA
TR,zoop_springmax,1998-06-16,1998,167,NA,NA,NA,NA
TR,zoop_springmax,1999-06-29,1999,180,NA,NA,NA,NA
TR,zoop_springmax,2000-05-31,2000,152,NA,NA,NA,NA
TR,zoop_springmax,2001-06-14,2001,165,165.0151543754996,0.9719952339063082,TRUE,FALSE
TR,zoop_springmax,2002-05-21,2002,141,NA,NA,NA,NA
TR,zoop_springmax,2003-06-24,2003,175,NA,NA,NA,NA
TR,zoop_springmax,2004-06-23,2004,175,NA,NA,NA,NA
TR,zoop_springmax,2005-05-17,2005,137,NA,NA,NA,NA
TR,zoop_springmax,2006-07-10,2006,191,162.63536693214775,0.6276937203217338,FALSE,TRUE
TR,zoop_springmax,2007-06-20,2007,171,NA,NA,NA,NA
TR,zoop_springmax,2008-06-04,2008,156,NA,NA,NA,NA
TR,zoop_springmax,2009-05-28,2009,148,NA,NA,NA,NA
TR,zoop_springmax,2010-06-09,2010,160,NA,NA,NA,NA
TR,zoop_springmax,2011-06-29,2011,180,NA,NA,NA,NA
TR,zoop_springmax,2012-06-25,2012,177,NA,NA,NA,NA
TR,zoop_springmax,2013-07-09,2013,190,NA,NA,NA,NA
TR,zoop_springmax,2014-06-19,2014,170,NA,NA,NA,NA
TR,zoop_springmax,2015-06-18,2015,169,NA,NA,NA,NA
TR,zoop_springmax,2016-05-26,2016,147,NA,NA,NA,NA
TR,zoop_springmax,2017-06-16,2017,167,NA,NA,NA,NA
TR,zoop_springmax,2018-07-12,2018,193,NA,NA,NA,NA
TR,zoop_springmax,2019-07-03,2019,184,NA,NA,NA,NA
WI,zoop_springmax,2007-07-11,2007,192,NA,NA,NA,NA
WI,zoop_springmax,2008-07-09,2008,191,NA,NA,NA,NA
WI,zoop_springmax,2009-07-07,2009,188,NA,NA,NA,NA
WI,zoop_springmax,2010-04-14,2010,104,NA,NA,NA,NA
WI,zoop_springmax,2011-05-18,2011,138,NA,NA,NA,NA
WI,zoop_springmax,2012-07-12,2012,194,NA,NA,NA,NA
WI,zoop_springmax,2013-06-12,2013,163,NA,NA,NA,NA
WI,zoop_springmax,2014-05-02,2014,122,NA,NA,NA,NA
WI,zoop_springmax,2015-06-11,2015,162,NA,NA,NA,NA
WI,zoop_springmax,2016-07-07,2016,189,NA,NA,NA,NA
WI,zoop_springmax,2017-06-14,2017,165,NA,NA,NA,NA
WI,zoop_springmax,2018-04-26,2018,116,NA,NA,NA,NA
